timestamp_ist,underlying,regime_class,position_size_mult,strategies_active,cumulative_realized_pnl_inr
2023-10-02 09:16,BANKNIFTY,RANGING,0.75,11,0.00
2023-10-02 09:16,NIFTY,UNKNOWN,0.00,0,0.00
2023-10-02 09:36,BANKNIFTY,UNKNOWN,0.00,0,-376463.66
2023-10-02 11:42,BANKNIFTY,HIGH_VOL,0.00,0,-376463.66
2023-10-02 11:42,NIFTY,HIGH_VOL,0.00,0,-376463.66
2023-10-02 11:44,BANKNIFTY,UNKNOWN,0.00,0,-376463.66
2023-10-02 11:44,NIFTY,UNKNOWN,0.00,0,-376463.66
2023-10-02 11:45,BANKNIFTY,HIGH_VOL,0.00,0,-376463.66
2023-10-02 11:45,NIFTY,HIGH_VOL,0.00,0,-376463.66
2023-10-02 11:48,BANKNIFTY,UNKNOWN,0.00,0,-376463.66
2023-10-02 11:48,NIFTY,UNKNOWN,0.00,0,-376463.66
2023-10-02 11:49,BANKNIFTY,HIGH_VOL,0.00,0,-376463.66
2023-10-02 11:49,NIFTY,HIGH_VOL,0.00,0,-376463.66
2023-10-02 11:50,BANKNIFTY,UNKNOWN,0.00,0,-376463.66
2023-10-02 11:50,NIFTY,UNKNOWN,0.00,0,-376463.66
2023-10-02 11:51,BANKNIFTY,HIGH_VOL,0.00,0,-376463.66
2023-10-02 11:51,NIFTY,HIGH_VOL,0.00,0,-376463.66
2023-10-02 11:55,BANKNIFTY,UNKNOWN,0.00,0,-376463.66
2023-10-02 11:55,NIFTY,UNKNOWN,0.00,0,-376463.66
2023-10-02 15:07,BANKNIFTY,TRENDING_BULL,1.00,22,-376463.66
2023-10-03 09:16,NIFTY,EXPIRY_DAY,0.50,1,-376463.66
2023-10-03 09:45,BANKNIFTY,UNKNOWN,0.00,0,-927820.34
2023-10-03 11:05,BANKNIFTY,RANGING,0.75,11,-927820.34
2023-10-03 11:18,BANKNIFTY,UNKNOWN,0.00,0,-927820.34
2023-10-03 11:19,BANKNIFTY,RANGING,0.75,11,-927820.34
2023-10-03 11:31,BANKNIFTY,UNKNOWN,0.00,0,-927820.34
2023-10-03 11:32,BANKNIFTY,RANGING,0.75,11,-927820.34
2023-10-03 11:35,BANKNIFTY,UNKNOWN,0.00,0,-927820.34
2023-10-03 11:41,BANKNIFTY,RANGING,0.75,11,-927820.34
2023-10-03 11:42,BANKNIFTY,UNKNOWN,0.00,0,-927820.34
2023-10-03 12:07,BANKNIFTY,RANGING,0.75,11,-927820.34
2023-10-03 12:13,BANKNIFTY,UNKNOWN,0.00,0,-927820.34
2023-10-03 12:23,BANKNIFTY,RANGING,0.75,11,-927820.34
2023-10-03 12:24,BANKNIFTY,UNKNOWN,0.00,0,-927820.34
2023-10-03 14:24,BANKNIFTY,TRENDING_BULL,1.00,22,-927820.34
2023-10-04 09:16,NIFTY,UNKNOWN,0.00,0,-927820.34
2023-10-04 09:19,BANKNIFTY,UNKNOWN,0.00,0,-927820.34
2023-10-04 12:45,BANKNIFTY,TRENDING_BULL,1.00,22,-927820.34
2023-10-04 14:45,BANKNIFTY,UNKNOWN,0.00,0,-556680.33
2023-10-06 09:45,BANKNIFTY,RANGING,0.75,11,-556680.33
2023-10-06 10:15,BANKNIFTY,UNKNOWN,0.00,0,1767485.15
2023-10-09 09:30,NIFTY,TRENDING_BULL,1.00,22,1767485.15
2023-10-09 10:30,BANKNIFTY,RANGING,0.75,11,4868227.42
2023-10-09 11:45,BANKNIFTY,UNKNOWN,0.00,0,4868227.42
2023-10-09 12:18,NIFTY,UNKNOWN,0.00,0,4868227.42
2023-10-09 14:53,BANKNIFTY,HIGH_VOL,0.00,0,4868227.42
2023-10-09 14:53,NIFTY,HIGH_VOL,0.00,0,4868227.42
2023-10-09 14:56,BANKNIFTY,UNKNOWN,0.00,0,4868227.42
2023-10-09 14:56,NIFTY,UNKNOWN,0.00,0,4868227.42
2023-10-09 15:09,BANKNIFTY,HIGH_VOL,0.00,0,4868227.42
2023-10-09 15:09,NIFTY,HIGH_VOL,0.00,0,4868227.42
2023-10-09 15:10,BANKNIFTY,UNKNOWN,0.00,0,4868227.42
2023-10-09 15:10,NIFTY,UNKNOWN,0.00,0,4868227.42
2023-10-10 09:16,NIFTY,EXPIRY_DAY,0.50,1,4868227.42
2023-10-11 09:16,NIFTY,TRENDING_BULL,1.00,22,4868227.42
2023-10-11 09:55,NIFTY,UNKNOWN,0.00,0,9261678.18
2023-10-11 12:23,BANKNIFTY,HIGH_VOL,0.00,0,9261678.18
2023-10-11 12:23,NIFTY,HIGH_VOL,0.00,0,9261678.18
2023-10-11 12:26,BANKNIFTY,UNKNOWN,0.00,0,9261678.18
2023-10-11 12:26,NIFTY,UNKNOWN,0.00,0,9261678.18
2023-10-11 12:38,BANKNIFTY,HIGH_VOL,0.00,0,9261678.18
2023-10-11 12:38,NIFTY,HIGH_VOL,0.00,0,9261678.18
2023-10-11 12:39,BANKNIFTY,UNKNOWN,0.00,0,9261678.18
2023-10-11 12:39,NIFTY,UNKNOWN,0.00,0,9261678.18
2023-10-11 15:13,NIFTY,TRENDING_BULL,1.00,22,9261678.18
2023-10-12 09:16,NIFTY,UNKNOWN,0.00,0,9261678.18
2023-10-12 11:30,NIFTY,TRENDING_BULL,1.00,22,9261678.18
2023-10-13 09:28,NIFTY,UNKNOWN,0.00,0,9541909.99
2023-10-13 13:00,NIFTY,TRENDING_BULL,1.00,22,9541909.99
2023-10-16 10:00,NIFTY,UNKNOWN,0.00,0,10133499.43
2023-10-16 11:30,NIFTY,TRENDING_BULL,1.00,22,10133499.43
2023-10-16 14:00,NIFTY,UNKNOWN,0.00,0,10133499.43
2023-10-16 14:30,NIFTY,TRENDING_BULL,1.00,22,10133499.43
2023-10-17 09:16,BANKNIFTY,RANGING,0.75,11,10133499.43
2023-10-17 09:16,NIFTY,EXPIRY_DAY,0.50,1,10133499.43
2023-10-17 09:17,BANKNIFTY,UNKNOWN,0.00,0,10133499.43
2023-10-17 12:30,BANKNIFTY,RANGING,0.75,11,10133499.43
2023-10-17 13:15,BANKNIFTY,UNKNOWN,0.00,0,11577772.47
2023-10-18 09:16,NIFTY,UNKNOWN,0.00,0,11577772.47
2023-10-18 09:20,NIFTY,RANGING,0.75,11,11577772.47
2023-10-18 09:21,NIFTY,UNKNOWN,0.00,0,11577772.47
2023-10-18 09:22,NIFTY,RANGING,0.75,11,11577772.47
2023-10-18 09:29,NIFTY,UNKNOWN,0.00,0,11577772.47
2023-10-18 10:15,BANKNIFTY,RANGING,0.75,11,11030086.93
2023-10-18 10:32,BANKNIFTY,UNKNOWN,0.00,0,11030086.93
2023-10-18 11:22,NIFTY,RANGING,0.75,11,11030086.93
2023-10-18 11:25,NIFTY,UNKNOWN,0.00,0,11030086.93
2023-10-18 11:31,NIFTY,RANGING,0.75,11,11030086.93
2023-10-18 11:34,NIFTY,UNKNOWN,0.00,0,11030086.93
2023-10-18 11:35,NIFTY,RANGING,0.75,11,11030086.93
2023-10-18 11:36,NIFTY,UNKNOWN,0.00,0,11030086.93
2023-10-18 11:37,NIFTY,RANGING,0.75,11,11030086.93
2023-10-18 13:14,NIFTY,UNKNOWN,0.00,0,11030086.93
2023-10-19 10:15,NIFTY,RANGING,0.75,11,11030086.93
2023-10-19 10:37,NIFTY,UNKNOWN,0.00,0,14579975.65
2023-10-19 10:39,NIFTY,RANGING,0.75,11,14579975.65
2023-10-19 11:00,NIFTY,UNKNOWN,0.00,0,14973573.37
2023-10-19 12:15,NIFTY,TRENDING_BULL,1.00,22,14778251.00
2023-10-19 13:00,NIFTY,UNKNOWN,0.00,0,14778251.00
2023-10-19 13:03,BANKNIFTY,RANGING,0.75,11,14778251.00
2023-10-19 13:04,BANKNIFTY,UNKNOWN,0.00,0,14778251.00
2023-10-19 13:07,BANKNIFTY,RANGING,0.75,11,14778251.00
2023-10-19 13:12,BANKNIFTY,UNKNOWN,0.00,0,14778251.00
2023-10-19 13:17,BANKNIFTY,RANGING,0.75,11,14778251.00
2023-10-19 13:18,BANKNIFTY,UNKNOWN,0.00,0,14778251.00
2023-10-19 13:40,BANKNIFTY,RANGING,0.75,11,14778251.00
2023-10-19 13:52,BANKNIFTY,UNKNOWN,0.00,0,14778251.00
2023-10-19 14:45,NIFTY,TRENDING_BULL,1.00,22,14778251.00
2023-10-20 09:30,NIFTY,UNKNOWN,0.00,0,17877683.52
2023-10-20 13:11,BANKNIFTY,HIGH_VOL,0.00,0,17877683.52
2023-10-20 13:11,NIFTY,HIGH_VOL,0.00,0,17877683.52
2023-10-20 13:12,BANKNIFTY,UNKNOWN,0.00,0,17877683.52
2023-10-20 13:12,NIFTY,UNKNOWN,0.00,0,17877683.52
2023-10-20 13:29,BANKNIFTY,HIGH_VOL,0.00,0,17877683.52
2023-10-20 13:29,NIFTY,HIGH_VOL,0.00,0,17877683.52
2023-10-20 13:30,BANKNIFTY,UNKNOWN,0.00,0,17877683.52
2023-10-20 13:30,NIFTY,UNKNOWN,0.00,0,17877683.52
2023-10-23 09:23,BANKNIFTY,TRENDING_BULL,1.00,22,17877683.52
2023-10-23 10:15,BANKNIFTY,UNKNOWN,0.00,0,17327377.72
2023-10-23 13:18,NIFTY,RANGING,0.75,11,17327377.72
2023-10-23 13:20,NIFTY,UNKNOWN,0.00,0,17327377.72
2023-10-23 13:23,NIFTY,RANGING,0.75,11,17327377.72
2023-10-23 13:30,NIFTY,UNKNOWN,0.00,0,17327377.72
2023-10-23 13:38,NIFTY,RANGING,0.75,11,17327377.72
2023-10-23 13:45,NIFTY,UNKNOWN,0.00,0,17327377.72
2023-10-23 13:51,NIFTY,RANGING,0.75,11,17327377.72
2023-10-23 13:52,NIFTY,UNKNOWN,0.00,0,17327377.72
2023-10-23 13:57,NIFTY,RANGING,0.75,11,17327377.72
2023-10-23 14:01,NIFTY,UNKNOWN,0.00,0,17327377.72
2023-10-23 14:06,NIFTY,RANGING,0.75,11,17327377.72
2023-10-23 14:10,NIFTY,UNKNOWN,0.00,0,17327377.72
2023-10-23 14:11,NIFTY,RANGING,0.75,11,17327377.72
2023-10-23 14:15,NIFTY,UNKNOWN,0.00,0,17327377.72
2023-10-23 15:00,NIFTY,TRENDING_BULL,1.00,22,17327377.72
2023-10-24 09:16,NIFTY,EXPIRY_DAY,0.50,1,17327377.72
2023-10-24 09:45,BANKNIFTY,RANGING,0.75,11,17327377.72
2023-10-24 09:51,BANKNIFTY,UNKNOWN,0.00,0,17327377.72
2023-10-24 12:19,BANKNIFTY,HIGH_VOL,0.00,0,17327377.72
2023-10-24 12:20,BANKNIFTY,UNKNOWN,0.00,0,17327377.72
2023-10-24 12:21,BANKNIFTY,HIGH_VOL,0.00,0,17327377.72
2023-10-24 12:36,BANKNIFTY,UNKNOWN,0.00,0,17327377.72
2023-10-24 15:03,BANKNIFTY,TRENDING_BULL,1.00,22,17327377.72
2023-10-25 09:16,BANKNIFTY,UNKNOWN,0.00,0,26545884.06
2023-10-25 09:16,NIFTY,TRENDING_BULL,1.00,22,26545884.06
2023-10-25 09:45,NIFTY,UNKNOWN,0.00,0,27122624.16
2023-10-25 10:00,BANKNIFTY,RANGING,0.75,11,27122624.16
2023-10-25 10:18,BANKNIFTY,UNKNOWN,0.00,0,27122624.16
2023-10-25 10:37,BANKNIFTY,RANGING,0.75,11,27122624.16
2023-10-25 10:38,BANKNIFTY,UNKNOWN,0.00,0,27122624.16
2023-10-25 10:44,BANKNIFTY,RANGING,0.75,11,27122624.16
2023-10-25 10:45,NIFTY,RANGING,0.75,11,27122624.16
2023-10-25 11:12,BANKNIFTY,UNKNOWN,0.00,0,27122624.16
2023-10-25 11:12,NIFTY,UNKNOWN,0.00,0,27122624.16
2023-10-25 11:20,BANKNIFTY,RANGING,0.75,11,27122624.16
2023-10-25 11:20,NIFTY,RANGING,0.75,11,27122624.16
2023-10-25 11:21,BANKNIFTY,UNKNOWN,0.00,0,27122624.16
2023-10-25 11:21,NIFTY,UNKNOWN,0.00,0,27122624.16
2023-10-25 12:45,NIFTY,TRENDING_BULL,1.00,22,27122624.16
2023-10-25 13:00,BANKNIFTY,TRENDING_BULL,1.00,22,27122624.16
2023-10-25 14:00,NIFTY,UNKNOWN,0.00,0,27122624.16
2023-10-25 14:45,NIFTY,TRENDING_BULL,1.00,22,27122624.16
2023-10-26 09:26,BANKNIFTY,UNKNOWN,0.00,0,27122624.16
2023-10-26 09:26,NIFTY,UNKNOWN,0.00,0,27122624.16
2023-10-26 12:34,BANKNIFTY,RANGING,0.75,11,27122624.16
2023-10-26 13:15,BANKNIFTY,UNKNOWN,0.00,0,34959550.71
2023-10-26 14:00,NIFTY,TRENDING_BULL,1.00,22,34959550.71
2023-10-26 15:00,BANKNIFTY,TRENDING_BULL,1.00,22,35292756.67
2023-10-27 09:30,BANKNIFTY,UNKNOWN,0.00,0,34125944.58
2023-10-27 10:30,NIFTY,UNKNOWN,0.00,0,34152310.93
2023-10-27 11:07,BANKNIFTY,RANGING,0.75,11,34152310.93
2023-10-27 11:16,BANKNIFTY,UNKNOWN,0.00,0,34152310.93
2023-10-27 11:17,BANKNIFTY,RANGING,0.75,11,34152310.93
2023-10-27 11:19,BANKNIFTY,UNKNOWN,0.00,0,34152310.93
2023-10-27 11:23,BANKNIFTY,RANGING,0.75,11,34152310.93
2023-10-27 11:24,BANKNIFTY,UNKNOWN,0.00,0,34152310.93
2023-10-27 11:48,NIFTY,RANGING,0.75,11,34152310.93
2023-10-27 11:49,NIFTY,UNKNOWN,0.00,0,34152310.93
2023-10-27 11:57,NIFTY,RANGING,0.75,11,34152310.93
2023-10-27 12:00,NIFTY,UNKNOWN,0.00,0,34152310.93
2023-10-27 12:05,NIFTY,RANGING,0.75,11,34152310.93
2023-10-27 12:07,NIFTY,UNKNOWN,0.00,0,34152310.93
2023-10-27 12:08,NIFTY,RANGING,0.75,11,34152310.93
2023-10-27 12:16,NIFTY,UNKNOWN,0.00,0,34152310.93
2023-10-27 12:17,NIFTY,RANGING,0.75,11,34152310.93
2023-10-27 12:24,NIFTY,UNKNOWN,0.00,0,34152310.93
2023-10-27 12:25,NIFTY,RANGING,0.75,11,34152310.93
2023-10-27 12:32,NIFTY,UNKNOWN,0.00,0,34152310.93
2023-10-27 12:35,NIFTY,RANGING,0.75,11,34152310.93
2023-10-27 13:00,NIFTY,UNKNOWN,0.00,0,34152310.93
2023-10-30 12:15,NIFTY,TRENDING_BULL,1.00,22,34152310.93
2023-10-30 12:45,BANKNIFTY,TRENDING_BULL,1.00,22,34727542.92
2023-10-30 14:30,BANKNIFTY,UNKNOWN,0.00,0,34727542.92
2023-10-30 15:15,NIFTY,UNKNOWN,0.00,0,34727542.92
2023-10-31 09:16,BANKNIFTY,EXPIRY_DAY,0.50,1,34727542.92
2023-10-31 09:16,NIFTY,EXPIRY_DAY,0.50,1,34727542.92
2023-11-01 09:16,BANKNIFTY,UNKNOWN,0.00,0,34727542.92
2023-11-01 09:16,NIFTY,UNKNOWN,0.00,0,34727542.92
2023-11-02 13:08,BANKNIFTY,HIGH_VOL,0.00,0,34727542.92
2023-11-02 13:08,NIFTY,HIGH_VOL,0.00,0,34727542.92
2023-11-02 13:09,BANKNIFTY,UNKNOWN,0.00,0,34727542.92
2023-11-02 13:09,NIFTY,UNKNOWN,0.00,0,34727542.92
2023-11-02 13:57,BANKNIFTY,HIGH_VOL,0.00,0,34727542.92
2023-11-02 13:57,NIFTY,HIGH_VOL,0.00,0,34727542.92
2023-11-02 13:58,BANKNIFTY,UNKNOWN,0.00,0,34727542.92
2023-11-02 13:58,NIFTY,UNKNOWN,0.00,0,34727542.92
2023-11-03 15:15,NIFTY,TRENDING_BULL,1.00,22,34727542.92
2023-11-06 09:44,NIFTY,UNKNOWN,0.00,0,38432920.22
2023-11-06 11:54,BANKNIFTY,HIGH_VOL,0.00,0,38432920.22
2023-11-06 11:54,NIFTY,HIGH_VOL,0.00,0,38432920.22
2023-11-06 12:12,BANKNIFTY,UNKNOWN,0.00,0,38432920.22
2023-11-06 12:12,NIFTY,UNKNOWN,0.00,0,38432920.22
2023-11-06 12:18,BANKNIFTY,HIGH_VOL,0.00,0,38432920.22
2023-11-06 12:18,NIFTY,HIGH_VOL,0.00,0,38432920.22
2023-11-06 12:23,BANKNIFTY,UNKNOWN,0.00,0,38432920.22
2023-11-06 12:23,NIFTY,UNKNOWN,0.00,0,38432920.22
2023-11-06 12:28,BANKNIFTY,HIGH_VOL,0.00,0,38432920.22
2023-11-06 12:28,NIFTY,HIGH_VOL,0.00,0,38432920.22
2023-11-06 12:30,BANKNIFTY,UNKNOWN,0.00,0,38432920.22
2023-11-06 12:30,NIFTY,UNKNOWN,0.00,0,38432920.22
2023-11-06 12:34,BANKNIFTY,HIGH_VOL,0.00,0,38432920.22
2023-11-06 12:34,NIFTY,HIGH_VOL,0.00,0,38432920.22
2023-11-06 12:37,BANKNIFTY,UNKNOWN,0.00,0,38432920.22
2023-11-06 12:37,NIFTY,UNKNOWN,0.00,0,38432920.22
2023-11-06 14:47,NIFTY,TRENDING_BULL,1.00,22,38432920.22
2023-11-07 09:16,NIFTY,EXPIRY_DAY,0.50,1,38432920.22
2023-11-07 11:16,BANKNIFTY,RANGING,0.75,11,38432920.22
2023-11-07 11:23,BANKNIFTY,UNKNOWN,0.00,0,38079314.44
2023-11-07 11:25,BANKNIFTY,RANGING,0.75,11,38079314.44
2023-11-07 11:47,BANKNIFTY,UNKNOWN,0.00,0,38079314.44
2023-11-07 13:14,BANKNIFTY,RANGING,0.75,11,38079314.44
2023-11-07 13:15,BANKNIFTY,UNKNOWN,0.00,0,38079314.44
2023-11-07 13:16,BANKNIFTY,RANGING,0.75,11,38079314.44
2023-11-07 13:17,BANKNIFTY,UNKNOWN,0.00,0,38079314.44
2023-11-07 13:18,BANKNIFTY,RANGING,0.75,11,38079314.44
2023-11-07 13:19,BANKNIFTY,UNKNOWN,0.00,0,38079314.44
2023-11-07 13:29,BANKNIFTY,RANGING,0.75,11,38079314.44
2023-11-07 13:31,BANKNIFTY,UNKNOWN,0.00,0,38079314.44
2023-11-07 13:32,BANKNIFTY,RANGING,0.75,11,38079314.44
2023-11-07 13:38,BANKNIFTY,UNKNOWN,0.00,0,38079314.44
2023-11-07 13:44,BANKNIFTY,RANGING,0.75,11,38079314.44
2023-11-07 13:51,BANKNIFTY,UNKNOWN,0.00,0,38079314.44
2023-11-07 14:47,BANKNIFTY,RANGING,0.75,11,38079314.44
2023-11-08 09:16,NIFTY,TRENDING_BULL,1.00,22,38079314.44
2023-11-08 09:24,BANKNIFTY,UNKNOWN,0.00,0,39498064.85
2023-11-08 09:24,NIFTY,UNKNOWN,0.00,0,39498064.85
2023-11-08 12:28,NIFTY,TRENDING_BULL,1.00,22,38941694.19
2023-11-08 14:15,NIFTY,UNKNOWN,0.00,0,38941694.19
2023-11-08 15:16,NIFTY,RANGING,0.75,11,38941694.19
2023-11-08 15:17,NIFTY,UNKNOWN,0.00,0,38941694.19
2023-11-08 15:18,NIFTY,RANGING,0.75,11,38941694.19
2023-11-08 15:26,NIFTY,UNKNOWN,0.00,0,38941694.19
2023-11-09 09:21,BANKNIFTY,RANGING,0.75,11,38941694.19
2023-11-09 09:21,NIFTY,RANGING,0.75,11,38941694.19
2023-11-09 09:22,BANKNIFTY,UNKNOWN,0.00,0,38941694.19
2023-11-09 09:22,NIFTY,UNKNOWN,0.00,0,38941694.19
2023-11-09 09:24,BANKNIFTY,RANGING,0.75,11,38941694.19
2023-11-09 09:24,NIFTY,RANGING,0.75,11,38941694.19
2023-11-09 09:25,BANKNIFTY,UNKNOWN,0.00,0,38941694.19
2023-11-09 09:25,NIFTY,UNKNOWN,0.00,0,38941694.19
2023-11-09 09:26,BANKNIFTY,RANGING,0.75,11,38941694.19
2023-11-09 09:26,NIFTY,RANGING,0.75,11,38941694.19
2023-11-09 09:44,BANKNIFTY,UNKNOWN,0.00,0,38585459.23
2023-11-09 09:44,NIFTY,UNKNOWN,0.00,0,38585459.23
2023-11-09 09:45,BANKNIFTY,RANGING,0.75,11,38585459.23
2023-11-09 09:45,NIFTY,RANGING,0.75,11,38585459.23
2023-11-09 09:53,BANKNIFTY,UNKNOWN,0.00,0,38585459.23
2023-11-09 09:53,NIFTY,UNKNOWN,0.00,0,38585459.23
2023-11-09 10:19,BANKNIFTY,RANGING,0.75,11,38585459.23
2023-11-09 10:19,NIFTY,RANGING,0.75,11,38585459.23
2023-11-09 10:20,BANKNIFTY,UNKNOWN,0.00,0,38971682.78
2023-11-09 10:20,NIFTY,UNKNOWN,0.00,0,38971682.78
2023-11-09 10:21,BANKNIFTY,RANGING,0.75,11,38971682.78
2023-11-09 10:21,NIFTY,RANGING,0.75,11,38971682.78
2023-11-09 10:30,BANKNIFTY,UNKNOWN,0.00,0,40537785.80
2023-11-09 10:32,NIFTY,UNKNOWN,0.00,0,40537785.80
2023-11-09 11:45,NIFTY,TRENDING_BULL,1.00,22,40537785.80
2023-11-09 12:30,NIFTY,UNKNOWN,0.00,0,40537785.80
2023-11-10 09:54,BANKNIFTY,RANGING,0.75,11,40537785.80
2023-11-10 11:30,NIFTY,RANGING,0.75,11,55362822.60
2023-11-10 11:54,BANKNIFTY,UNKNOWN,0.00,0,55362822.60
2023-11-10 11:54,NIFTY,UNKNOWN,0.00,0,55362822.60
2023-11-10 11:55,BANKNIFTY,RANGING,0.75,11,55362822.60
2023-11-10 11:55,NIFTY,RANGING,0.75,11,55362822.60
2023-11-10 12:00,BANKNIFTY,UNKNOWN,0.00,0,55362822.60
2023-11-10 12:00,NIFTY,UNKNOWN,0.00,0,55362822.60
2023-11-10 12:07,NIFTY,RANGING,0.75,11,55362822.60
2023-11-10 13:00,NIFTY,UNKNOWN,0.00,0,55362822.60
2023-11-10 13:45,NIFTY,TRENDING_BULL,1.00,22,55362822.60
2023-11-10 15:00,NIFTY,UNKNOWN,0.00,0,55362822.60
2023-11-13 10:30,NIFTY,TRENDING_BULL,1.00,22,55362822.60
2023-11-13 12:43,NIFTY,UNKNOWN,0.00,0,59056437.94
2023-11-13 14:51,BANKNIFTY,HIGH_VOL,0.00,0,59056437.94
2023-11-13 14:51,NIFTY,HIGH_VOL,0.00,0,59056437.94
2023-11-13 14:53,BANKNIFTY,UNKNOWN,0.00,0,59056437.94
2023-11-13 14:53,NIFTY,UNKNOWN,0.00,0,59056437.94
2023-11-13 15:26,BANKNIFTY,HIGH_VOL,0.00,0,59056437.94
2023-11-13 15:26,NIFTY,HIGH_VOL,0.00,0,59056437.94
2023-11-14 09:16,BANKNIFTY,UNKNOWN,0.00,0,59056437.94
2023-11-14 09:16,NIFTY,EXPIRY_DAY,0.50,1,59056437.94
2023-11-15 09:16,NIFTY,UNKNOWN,0.00,0,59056437.94
2023-11-15 12:54,BANKNIFTY,HIGH_VOL,0.00,0,59056437.94
2023-11-15 12:54,NIFTY,HIGH_VOL,0.00,0,59056437.94
2023-11-15 12:58,BANKNIFTY,UNKNOWN,0.00,0,59056437.94
2023-11-15 12:58,NIFTY,UNKNOWN,0.00,0,59056437.94
2023-11-15 12:59,BANKNIFTY,HIGH_VOL,0.00,0,59056437.94
2023-11-15 12:59,NIFTY,HIGH_VOL,0.00,0,59056437.94
2023-11-15 13:03,BANKNIFTY,UNKNOWN,0.00,0,59056437.94
2023-11-15 13:03,NIFTY,UNKNOWN,0.00,0,59056437.94
2023-11-15 13:06,BANKNIFTY,HIGH_VOL,0.00,0,59056437.94
2023-11-15 13:06,NIFTY,HIGH_VOL,0.00,0,59056437.94
2023-11-15 13:07,BANKNIFTY,UNKNOWN,0.00,0,59056437.94
2023-11-15 13:07,NIFTY,UNKNOWN,0.00,0,59056437.94
2023-11-15 13:08,BANKNIFTY,HIGH_VOL,0.00,0,59056437.94
2023-11-15 13:08,NIFTY,HIGH_VOL,0.00,0,59056437.94
2023-11-15 13:09,BANKNIFTY,UNKNOWN,0.00,0,59056437.94
2023-11-15 13:09,NIFTY,UNKNOWN,0.00,0,59056437.94
2023-11-16 09:18,NIFTY,TRENDING_BULL,1.00,22,59056437.94
2023-11-16 10:45,NIFTY,UNKNOWN,0.00,0,58861274.56
2023-11-16 11:45,NIFTY,RANGING,0.75,11,58861274.56
2023-11-16 11:57,NIFTY,UNKNOWN,0.00,0,58861274.56
2023-11-16 11:58,NIFTY,RANGING,0.75,11,58861274.56
2023-11-16 12:04,NIFTY,UNKNOWN,0.00,0,58861274.56
2023-11-16 12:05,NIFTY,RANGING,0.75,11,58861274.56
2023-11-16 12:12,NIFTY,UNKNOWN,0.00,0,58861274.56
2023-11-16 12:13,NIFTY,RANGING,0.75,11,58861274.56
2023-11-16 12:15,NIFTY,UNKNOWN,0.00,0,58861274.56
2023-11-16 12:17,NIFTY,RANGING,0.75,11,58861274.56
2023-11-16 12:18,NIFTY,UNKNOWN,0.00,0,58861274.56
2023-11-16 12:30,NIFTY,RANGING,0.75,11,58861274.56
2023-11-16 12:31,NIFTY,UNKNOWN,0.00,0,58861274.56
2023-11-16 12:34,NIFTY,RANGING,0.75,11,58861274.56
2023-11-16 12:57,NIFTY,UNKNOWN,0.00,0,58861274.56
2023-11-16 13:00,NIFTY,RANGING,0.75,11,58861274.56
2023-11-16 13:18,NIFTY,UNKNOWN,0.00,0,58861274.56
2023-11-16 13:21,NIFTY,RANGING,0.75,11,58861274.56
2023-11-16 13:31,NIFTY,UNKNOWN,0.00,0,58861274.56
2023-11-16 13:32,NIFTY,RANGING,0.75,11,58861274.56
2023-11-16 13:33,NIFTY,UNKNOWN,0.00,0,58861274.56
2023-11-16 13:53,NIFTY,RANGING,0.75,11,58861274.56
2023-11-16 14:01,NIFTY,UNKNOWN,0.00,0,58861274.56
2023-11-16 14:03,NIFTY,RANGING,0.75,11,58861274.56
2023-11-16 14:04,NIFTY,UNKNOWN,0.00,0,58861274.56
2023-11-16 14:35,NIFTY,RANGING,0.75,11,58861274.56
2023-11-16 15:00,NIFTY,UNKNOWN,0.00,0,58861274.56
2023-11-16 15:15,BANKNIFTY,TRENDING_BULL,1.00,22,58861274.56
2023-11-17 09:16,NIFTY,RANGING,0.75,11,58861274.56
2023-11-17 09:32,BANKNIFTY,UNKNOWN,0.00,0,58861274.56
2023-11-17 09:32,NIFTY,UNKNOWN,0.00,0,58861274.56
2023-11-17 10:57,BANKNIFTY,HIGH_VOL,0.00,0,59119998.59
2023-11-17 10:57,NIFTY,HIGH_VOL,0.00,0,59119998.59
2023-11-17 10:58,BANKNIFTY,UNKNOWN,0.00,0,59119998.59
2023-11-17 10:58,NIFTY,UNKNOWN,0.00,0,59119998.59
2023-11-17 10:59,BANKNIFTY,HIGH_VOL,0.00,0,59119998.59
2023-11-17 10:59,NIFTY,HIGH_VOL,0.00,0,59119998.59
2023-11-17 11:09,BANKNIFTY,UNKNOWN,0.00,0,59119998.59
2023-11-17 11:09,NIFTY,UNKNOWN,0.00,0,59119998.59
2023-11-17 13:19,BANKNIFTY,TRENDING_BULL,1.00,22,59119998.59
2023-11-17 13:19,NIFTY,TRENDING_BULL,1.00,22,59119998.59
2023-11-20 12:45,BANKNIFTY,UNKNOWN,0.00,0,58756881.27
2023-11-21 09:16,NIFTY,EXPIRY_DAY,0.50,1,58756881.27
2023-11-21 12:13,BANKNIFTY,RANGING,0.75,11,58756881.27
2023-11-21 12:30,BANKNIFTY,UNKNOWN,0.00,0,63043731.60
2023-11-21 13:45,BANKNIFTY,TRENDING_BULL,1.00,22,63043731.60
2023-11-22 09:16,NIFTY,UNKNOWN,0.00,0,63378571.23
2023-11-22 10:31,NIFTY,RANGING,0.75,11,62830960.55
2023-11-22 10:33,NIFTY,UNKNOWN,0.00,0,62830960.55
2023-11-22 10:34,NIFTY,RANGING,0.75,11,62830960.55
2023-11-22 10:35,NIFTY,UNKNOWN,0.00,0,62830960.55
2023-11-22 10:37,NIFTY,RANGING,0.75,11,62830960.55
2023-11-22 10:38,NIFTY,UNKNOWN,0.00,0,62830960.55
2023-11-22 10:45,NIFTY,RANGING,0.75,11,62830960.55
2023-11-22 10:47,NIFTY,UNKNOWN,0.00,0,62830960.55
2023-11-22 10:53,NIFTY,RANGING,0.75,11,62830960.55
2023-11-22 11:00,NIFTY,UNKNOWN,0.00,0,62830960.55
2023-11-22 11:45,NIFTY,TRENDING_BULL,1.00,22,62830960.55
2023-11-22 13:42,BANKNIFTY,UNKNOWN,0.00,0,62830960.55
2023-11-22 13:42,NIFTY,UNKNOWN,0.00,0,62830960.55
2023-11-23 09:56,BANKNIFTY,TRENDING_BULL,1.00,22,62830960.55
2023-11-23 10:45,NIFTY,RANGING,0.75,11,63544775.22
2023-11-23 11:14,NIFTY,UNKNOWN,0.00,0,63544775.22
2023-11-23 12:00,BANKNIFTY,UNKNOWN,0.00,0,63544775.22
2023-11-23 12:19,NIFTY,RANGING,0.75,11,63544775.22
2023-11-23 12:25,NIFTY,UNKNOWN,0.00,0,63544775.22
2023-11-23 12:26,NIFTY,RANGING,0.75,11,63544775.22
2023-11-23 12:29,NIFTY,UNKNOWN,0.00,0,63544775.22
2023-11-23 12:59,NIFTY,RANGING,0.75,11,63544775.22
2023-11-23 13:02,NIFTY,UNKNOWN,0.00,0,63544775.22
2023-11-23 13:03,NIFTY,RANGING,0.75,11,63544775.22
2023-11-23 13:04,NIFTY,UNKNOWN,0.00,0,63544775.22
2023-11-23 13:06,NIFTY,RANGING,0.75,11,63544775.22
2023-11-23 13:30,NIFTY,UNKNOWN,0.00,0,63544775.22
2023-11-23 13:45,BANKNIFTY,TRENDING_BULL,1.00,22,63544775.22
2023-11-23 14:00,NIFTY,TRENDING_BULL,1.00,22,63544775.22
2023-11-23 14:45,NIFTY,UNKNOWN,0.00,0,63544775.22
2023-11-24 11:22,BANKNIFTY,UNKNOWN,0.00,0,61958717.27
2023-11-24 13:42,BANKNIFTY,HIGH_VOL,0.00,0,61958717.27
2023-11-24 13:42,NIFTY,HIGH_VOL,0.00,0,61958717.27
2023-11-24 13:44,BANKNIFTY,UNKNOWN,0.00,0,61958717.27
2023-11-24 13:44,NIFTY,UNKNOWN,0.00,0,61958717.27
2023-11-24 13:45,BANKNIFTY,HIGH_VOL,0.00,0,61958717.27
2023-11-24 13:45,NIFTY,HIGH_VOL,0.00,0,61958717.27
2023-11-24 13:48,BANKNIFTY,UNKNOWN,0.00,0,61958717.27
2023-11-24 13:48,NIFTY,UNKNOWN,0.00,0,61958717.27
2023-11-24 13:56,BANKNIFTY,HIGH_VOL,0.00,0,61958717.27
2023-11-24 13:56,NIFTY,HIGH_VOL,0.00,0,61958717.27
2023-11-24 14:36,BANKNIFTY,UNKNOWN,0.00,0,61958717.27
2023-11-24 14:36,NIFTY,UNKNOWN,0.00,0,61958717.27
2023-11-27 09:28,BANKNIFTY,TRENDING_BULL,1.00,22,61958717.27
2023-11-28 09:16,BANKNIFTY,EXPIRY_DAY,0.50,1,62288325.55
2023-11-28 09:16,NIFTY,EXPIRY_DAY,0.50,1,62288325.55
2023-11-29 09:16,BANKNIFTY,UNKNOWN,0.00,0,62288325.55
2023-11-29 09:16,NIFTY,UNKNOWN,0.00,0,62288325.55
2023-11-29 13:30,BANKNIFTY,RANGING,0.75,11,62288325.55
2023-11-29 14:06,BANKNIFTY,UNKNOWN,0.00,0,71454476.22
2023-11-29 14:14,BANKNIFTY,RANGING,0.75,11,71454476.22
2023-11-29 14:30,BANKNIFTY,UNKNOWN,0.00,0,72541479.12
2023-11-30 10:20,BANKNIFTY,HIGH_VOL,0.00,0,72541479.12
2023-11-30 10:20,NIFTY,HIGH_VOL,0.00,0,72541479.12
2023-11-30 10:21,BANKNIFTY,UNKNOWN,0.00,0,72541479.12
2023-11-30 10:21,NIFTY,UNKNOWN,0.00,0,72541479.12
2023-11-30 10:22,BANKNIFTY,HIGH_VOL,0.00,0,72541479.12
2023-11-30 10:22,NIFTY,HIGH_VOL,0.00,0,72541479.12
2023-11-30 10:26,BANKNIFTY,UNKNOWN,0.00,0,72541479.12
2023-11-30 10:26,NIFTY,UNKNOWN,0.00,0,72541479.12
2023-11-30 10:27,BANKNIFTY,HIGH_VOL,0.00,0,72541479.12
2023-11-30 10:27,NIFTY,HIGH_VOL,0.00,0,72541479.12
2023-11-30 10:29,BANKNIFTY,UNKNOWN,0.00,0,72541479.12
2023-11-30 10:29,NIFTY,UNKNOWN,0.00,0,72541479.12
2023-11-30 10:33,BANKNIFTY,HIGH_VOL,0.00,0,72541479.12
2023-11-30 10:33,NIFTY,HIGH_VOL,0.00,0,72541479.12
2023-11-30 10:39,BANKNIFTY,UNKNOWN,0.00,0,72541479.12
2023-11-30 10:39,NIFTY,UNKNOWN,0.00,0,72541479.12
2023-11-30 13:30,BANKNIFTY,RANGING,0.75,11,72541479.12
2023-11-30 14:48,BANKNIFTY,UNKNOWN,0.00,0,70752600.79
2023-11-30 15:15,BANKNIFTY,RANGING,0.75,11,70752600.79
2023-12-01 11:02,BANKNIFTY,UNKNOWN,0.00,0,81351174.74
2023-12-01 11:12,BANKNIFTY,RANGING,0.75,11,81351174.74
2023-12-01 11:13,BANKNIFTY,UNKNOWN,0.00,0,81351174.74
2023-12-01 11:14,BANKNIFTY,RANGING,0.75,11,81351174.74
2023-12-01 11:15,BANKNIFTY,UNKNOWN,0.00,0,81351174.74
2023-12-01 11:24,BANKNIFTY,RANGING,0.75,11,81351174.74
2023-12-01 11:26,BANKNIFTY,UNKNOWN,0.00,0,81351174.74
2023-12-01 11:30,BANKNIFTY,RANGING,0.75,11,81351174.74
2023-12-01 11:31,BANKNIFTY,UNKNOWN,0.00,0,81351174.74
2023-12-01 11:45,NIFTY,TRENDING_BULL,1.00,22,81351174.74
2023-12-01 14:35,NIFTY,UNKNOWN,0.00,0,81351174.74
2023-12-01 14:36,NIFTY,TRENDING_BULL,1.00,22,81351174.74
2023-12-01 14:37,NIFTY,UNKNOWN,0.00,0,81351174.74
2023-12-04 12:05,BANKNIFTY,TRENDING_BULL,1.00,22,81351174.74
2023-12-04 12:30,BANKNIFTY,UNKNOWN,0.00,0,80950193.47
2023-12-05 09:16,NIFTY,EXPIRY_DAY,0.50,1,80950193.47
2023-12-06 09:16,NIFTY,UNKNOWN,0.00,0,80950193.47
2023-12-06 09:53,NIFTY,RANGING,0.75,11,80950193.47
2023-12-06 11:13,NIFTY,UNKNOWN,0.00,0,81204524.72
2023-12-06 11:35,NIFTY,RANGING,0.75,11,81204524.72
2023-12-06 11:43,NIFTY,UNKNOWN,0.00,0,81204524.72
2023-12-06 11:44,NIFTY,RANGING,0.75,11,81204524.72
2023-12-06 11:45,NIFTY,UNKNOWN,0.00,0,81204524.72
2023-12-06 12:30,NIFTY,TRENDING_BULL,1.00,22,81204524.72
2023-12-06 12:45,NIFTY,UNKNOWN,0.00,0,81204524.72
2023-12-06 14:45,NIFTY,TRENDING_BULL,1.00,22,81204524.72
2023-12-07 09:45,NIFTY,UNKNOWN,0.00,0,80986185.91
2023-12-08 09:23,NIFTY,TRENDING_BULL,1.00,22,80986185.91
2023-12-08 09:30,NIFTY,UNKNOWN,0.00,0,80986185.91
2023-12-08 10:30,NIFTY,RANGING,0.75,11,80439044.22
2023-12-08 10:45,BANKNIFTY,RANGING,0.75,11,80136233.40
2023-12-08 11:00,NIFTY,UNKNOWN,0.00,0,80136233.40
2023-12-08 11:03,BANKNIFTY,UNKNOWN,0.00,0,80136233.40
2023-12-08 11:14,BANKNIFTY,RANGING,0.75,11,80136233.40
2023-12-08 11:15,BANKNIFTY,UNKNOWN,0.00,0,80136233.40
2023-12-11 12:24,BANKNIFTY,HIGH_VOL,0.00,0,80136233.40
2023-12-11 12:24,NIFTY,HIGH_VOL,0.00,0,80136233.40
2023-12-11 12:27,BANKNIFTY,UNKNOWN,0.00,0,80136233.40
2023-12-11 12:27,NIFTY,UNKNOWN,0.00,0,80136233.40
2023-12-11 12:28,BANKNIFTY,HIGH_VOL,0.00,0,80136233.40
2023-12-11 12:28,NIFTY,HIGH_VOL,0.00,0,80136233.40
2023-12-11 12:34,BANKNIFTY,UNKNOWN,0.00,0,80136233.40
2023-12-11 12:34,NIFTY,UNKNOWN,0.00,0,80136233.40
2023-12-11 12:36,BANKNIFTY,HIGH_VOL,0.00,0,80136233.40
2023-12-11 12:36,NIFTY,HIGH_VOL,0.00,0,80136233.40
2023-12-11 12:37,BANKNIFTY,UNKNOWN,0.00,0,80136233.40
2023-12-11 12:37,NIFTY,UNKNOWN,0.00,0,80136233.40
2023-12-11 12:41,BANKNIFTY,HIGH_VOL,0.00,0,80136233.40
2023-12-11 12:41,NIFTY,HIGH_VOL,0.00,0,80136233.40
2023-12-11 12:43,BANKNIFTY,UNKNOWN,0.00,0,80136233.40
2023-12-11 12:43,NIFTY,UNKNOWN,0.00,0,80136233.40
2023-12-12 09:16,NIFTY,EXPIRY_DAY,0.50,1,80136233.40
2023-12-13 09:16,NIFTY,UNKNOWN,0.00,0,80136233.40
2023-12-14 12:37,NIFTY,RANGING,0.75,11,80136233.40
2023-12-14 12:38,NIFTY,UNKNOWN,0.00,0,80529388.25
2023-12-14 12:41,NIFTY,RANGING,0.75,11,80529388.25
2023-12-14 12:45,NIFTY,UNKNOWN,0.00,0,81314046.17
2023-12-15 10:34,NIFTY,RANGING,0.75,11,81314046.17
2023-12-15 10:45,NIFTY,UNKNOWN,0.00,0,81578636.68
2023-12-19 09:16,NIFTY,EXPIRY_DAY,0.50,1,81578636.68
2023-12-19 12:45,BANKNIFTY,RANGING,0.75,11,81578636.68
2023-12-19 12:53,BANKNIFTY,UNKNOWN,0.00,0,82380892.27
2023-12-19 12:54,BANKNIFTY,RANGING,0.75,11,82380892.27
2023-12-19 12:55,BANKNIFTY,UNKNOWN,0.00,0,82380892.27
2023-12-19 12:59,BANKNIFTY,RANGING,0.75,11,82380892.27
2023-12-19 13:00,BANKNIFTY,UNKNOWN,0.00,0,82380892.27
2023-12-19 14:51,BANKNIFTY,RANGING,0.75,11,82380892.27
2023-12-19 14:53,BANKNIFTY,UNKNOWN,0.00,0,82380892.27
2023-12-19 15:00,BANKNIFTY,RANGING,0.75,11,82380892.27
2023-12-19 15:01,BANKNIFTY,UNKNOWN,0.00,0,82380892.27
2023-12-20 09:16,NIFTY,UNKNOWN,0.00,0,82380892.27
2023-12-20 09:45,BANKNIFTY,RANGING,0.75,11,82380892.27
2023-12-20 10:55,BANKNIFTY,UNKNOWN,0.00,0,82184032.45
2023-12-20 13:09,BANKNIFTY,HIGH_VOL,0.00,0,82184032.45
2023-12-20 13:09,NIFTY,HIGH_VOL,0.00,0,82184032.45
2023-12-20 13:48,BANKNIFTY,UNKNOWN,0.00,0,82184032.45
2023-12-20 13:48,NIFTY,UNKNOWN,0.00,0,82184032.45
2023-12-20 13:49,BANKNIFTY,HIGH_VOL,0.00,0,82184032.45
2023-12-20 13:49,NIFTY,HIGH_VOL,0.00,0,82184032.45
2023-12-20 13:51,BANKNIFTY,UNKNOWN,0.00,0,82184032.45
2023-12-20 13:51,NIFTY,UNKNOWN,0.00,0,82184032.45
2023-12-21 11:00,BANKNIFTY,RANGING,0.75,11,82184032.45
2023-12-21 11:45,BANKNIFTY,UNKNOWN,0.00,0,82653180.85
2023-12-22 10:56,BANKNIFTY,HIGH_VOL,0.00,0,82653180.85
2023-12-22 10:56,NIFTY,HIGH_VOL,0.00,0,82653180.85
2023-12-22 10:58,BANKNIFTY,UNKNOWN,0.00,0,82653180.85
2023-12-22 10:58,NIFTY,UNKNOWN,0.00,0,82653180.85
2023-12-22 10:59,BANKNIFTY,HIGH_VOL,0.00,0,82653180.85
2023-12-22 10:59,NIFTY,HIGH_VOL,0.00,0,82653180.85
2023-12-22 11:11,BANKNIFTY,UNKNOWN,0.00,0,82653180.85
2023-12-22 11:11,NIFTY,UNKNOWN,0.00,0,82653180.85
2023-12-22 11:31,BANKNIFTY,HIGH_VOL,0.00,0,82653180.85
2023-12-22 11:31,NIFTY,HIGH_VOL,0.00,0,82653180.85
2023-12-22 11:32,BANKNIFTY,UNKNOWN,0.00,0,82653180.85
2023-12-22 11:32,NIFTY,UNKNOWN,0.00,0,82653180.85
2023-12-26 09:16,BANKNIFTY,EXPIRY_DAY,0.50,1,82653180.85
2023-12-26 09:16,NIFTY,EXPIRY_DAY,0.50,1,82653180.85
2023-12-27 09:16,BANKNIFTY,UNKNOWN,0.00,0,82653180.85
2023-12-27 09:16,NIFTY,UNKNOWN,0.00,0,82653180.85
2023-12-27 09:45,BANKNIFTY,RANGING,0.75,11,82653180.85
2023-12-27 10:01,BANKNIFTY,UNKNOWN,0.00,0,83039201.95
2023-12-27 10:02,BANKNIFTY,RANGING,0.75,11,83039201.95
2023-12-27 10:10,BANKNIFTY,UNKNOWN,0.00,0,83811925.75
2023-12-27 10:12,BANKNIFTY,RANGING,0.75,11,83811925.75
2023-12-27 10:14,BANKNIFTY,UNKNOWN,0.00,0,84197956.59
2023-12-27 10:50,BANKNIFTY,RANGING,0.75,11,84197956.59
2023-12-27 10:52,BANKNIFTY,UNKNOWN,0.00,0,84552091.39
2023-12-27 11:32,NIFTY,RANGING,0.75,11,84552091.39
2023-12-27 11:34,NIFTY,UNKNOWN,0.00,0,84552091.39
2023-12-27 11:42,NIFTY,RANGING,0.75,11,84552091.39
2023-12-27 11:52,NIFTY,UNKNOWN,0.00,0,84552091.39
2023-12-27 11:56,NIFTY,RANGING,0.75,11,84552091.39
2023-12-27 11:57,NIFTY,UNKNOWN,0.00,0,84552091.39
2023-12-27 12:22,NIFTY,RANGING,0.75,11,84552091.39
2023-12-27 12:25,NIFTY,UNKNOWN,0.00,0,84552091.39
2023-12-27 12:26,NIFTY,RANGING,0.75,11,84552091.39
2023-12-27 12:35,NIFTY,UNKNOWN,0.00,0,84552091.39
2023-12-27 12:40,NIFTY,RANGING,0.75,11,84552091.39
2023-12-27 13:00,NIFTY,UNKNOWN,0.00,0,84552091.39
2023-12-28 10:21,BANKNIFTY,TRENDING_BULL,1.00,22,84552091.39
2023-12-28 11:15,BANKNIFTY,UNKNOWN,0.00,0,84882203.05
2023-12-28 12:59,BANKNIFTY,RANGING,0.75,11,84882203.05
2023-12-28 13:00,BANKNIFTY,UNKNOWN,0.00,0,84882203.05
2023-12-28 13:02,BANKNIFTY,RANGING,0.75,11,84882203.05
2023-12-28 13:06,BANKNIFTY,UNKNOWN,0.00,0,84882203.05
2023-12-28 13:17,BANKNIFTY,RANGING,0.75,11,84882203.05
2023-12-28 13:30,BANKNIFTY,UNKNOWN,0.00,0,84882203.05
2023-12-28 14:15,BANKNIFTY,RANGING,0.75,11,84882203.05
2023-12-28 14:16,BANKNIFTY,UNKNOWN,0.00,0,84882203.05
2023-12-28 14:18,BANKNIFTY,RANGING,0.75,11,84882203.05
2023-12-28 14:19,BANKNIFTY,UNKNOWN,0.00,0,84882203.05
2023-12-28 14:20,BANKNIFTY,RANGING,0.75,11,84882203.05
2023-12-28 14:21,BANKNIFTY,UNKNOWN,0.00,0,84882203.05
2023-12-28 15:14,BANKNIFTY,RANGING,0.75,11,84882203.05
2023-12-29 09:18,BANKNIFTY,UNKNOWN,0.00,0,84882203.05
2023-12-29 09:20,BANKNIFTY,RANGING,0.75,11,84882203.05
2023-12-29 09:22,BANKNIFTY,UNKNOWN,0.00,0,84882203.05
2023-12-29 09:55,BANKNIFTY,RANGING,0.75,11,84882203.05
2023-12-29 09:56,BANKNIFTY,UNKNOWN,0.00,0,84882203.05
2023-12-29 10:21,BANKNIFTY,RANGING,0.75,11,84882203.05
2023-12-29 11:45,BANKNIFTY,UNKNOWN,0.00,0,100645610.77
2023-12-29 14:27,BANKNIFTY,HIGH_VOL,0.00,0,100645610.77
2023-12-29 14:27,NIFTY,HIGH_VOL,0.00,0,100645610.77
2023-12-29 14:37,BANKNIFTY,UNKNOWN,0.00,0,100645610.77
2023-12-29 14:37,NIFTY,UNKNOWN,0.00,0,100645610.77
2024-01-01 09:37,BANKNIFTY,TRENDING_BULL,1.00,22,100645610.77
2024-01-01 09:37,NIFTY,TRENDING_BULL,1.00,22,100645610.77
2024-01-01 09:45,NIFTY,UNKNOWN,0.00,0,100979454.74
2024-01-01 13:00,BANKNIFTY,UNKNOWN,0.00,0,101315319.51
2024-01-01 13:15,BANKNIFTY,TRENDING_BULL,1.00,22,101315319.51
2024-01-01 14:45,BANKNIFTY,UNKNOWN,0.00,0,101315319.51
