entry_time_ist,exit_time_ist,underlying,instrument,strategy,direction,entry_price,exit_price,quantity,gross_pnl_inr,fees_inr,net_pnl_inr,holding_min,exit_reason,status
2023-10-02 09:29,2023-10-02 09:36,BANKNIFTY,PE,S27_Gap_Up_Down_Fade_Options,SHORT,54267.30,54558.50,960,-279552.00,96911.66,-376463.66,7.0,SL,LOSS
2023-10-03 09:24,2023-10-03 09:31,BANKNIFTY,PE,S27_Gap_Up_Down_Fade_Options,SHORT,55100.15,55397.20,1380,-409929.00,141427.68,-551356.68,7.0,SL,LOSS
2023-10-04 12:46,2023-10-04 12:47,BANKNIFTY,STRANGLE,S18_VWAP_Mean_Reversion_Options_Straddle,LONG,56173.00,56713.65,900,486585.00,94614.08,391970.92,1.0,SL,WIN
2023-10-04 12:48,2023-10-04 12:49,BANKNIFTY,STRANGLE,S18_VWAP_Mean_Reversion_Options_Straddle,LONG,56082.80,56622.80,900,486000.00,94462.50,391537.50,1.0,SL,WIN
2023-10-04 12:50,2023-10-04 12:51,BANKNIFTY,FUTURE,S15_RSI_Divergence_Scalp,SHORT,53722.90,54000.75,1410,-391768.50,20599.90,-412368.40,1.0,SL,LOSS
2023-10-06 10:03,2023-10-06 10:04,BANKNIFTY,STRANGLE,S18_VWAP_Mean_Reversion_Options_Straddle,LONG,60541.65,61122.80,810,470731.50,91774.75,378956.75,1.0,SL,WIN
2023-10-06 10:06,2023-10-06 10:07,BANKNIFTY,STRANGLE,S18_VWAP_Mean_Reversion_Options_Straddle,LONG,60621.20,61204.55,840,490014.00,95298.77,394715.23,1.0,SL,WIN
2023-10-06 10:09,2023-10-06 10:10,BANKNIFTY,STRANGLE,S18_VWAP_Mean_Reversion_Options_Straddle,LONG,60737.95,61320.20,840,489090.00,95479.57,393610.43,1.0,SL,WIN
2023-10-06 10:11,2023-10-06 10:12,BANKNIFTY,STRANGLE,S18_VWAP_Mean_Reversion_Options_Straddle,LONG,60903.60,61487.10,840,490140.00,95739.44,394400.56,1.0,SL,WIN
2023-10-06 10:13,2023-10-06 10:14,BANKNIFTY,STRANGLE,S18_VWAP_Mean_Reversion_Options_Straddle,LONG,61062.95,61647.55,810,473526.00,92562.80,380963.20,1.0,SL,WIN
2023-10-06 10:14,2023-10-06 10:15,BANKNIFTY,STRANGLE,S18_VWAP_Mean_Reversion_Options_Straddle,LONG,61069.65,61654.95,810,474093.00,92573.68,381519.32,1.0,SL,WIN
2023-10-09 09:30,2023-10-09 09:31,NIFTY,CE,S8_EMA_Ribbon_Trend_Rider,LONG,25023.95,25165.55,3000,424800.00,140051.86,284748.14,1.0,TP,WIN
2023-10-09 09:31,2023-10-09 09:32,NIFTY,CE,S8_EMA_Ribbon_Trend_Rider,LONG,25024.10,25165.35,3000,423750.00,140051.22,283698.78,1.0,TP,WIN
2023-10-09 09:32,2023-10-09 09:33,NIFTY,CE,S8_EMA_Ribbon_Trend_Rider,LONG,25024.35,25165.10,3000,422250.00,140050.49,282199.51,1.0,TP,WIN
2023-10-09 09:33,2023-10-09 09:34,NIFTY,CE,S8_EMA_Ribbon_Trend_Rider,LONG,25024.55,25164.95,3000,421200.00,140050.12,281149.88,1.0,TP,WIN
2023-10-09 09:34,2023-10-09 09:35,NIFTY,CE,S8_EMA_Ribbon_Trend_Rider,LONG,25024.70,25165.05,3000,421050.00,140050.74,280999.26,1.0,TP,WIN
2023-10-09 09:35,2023-10-09 09:36,NIFTY,CE,S8_EMA_Ribbon_Trend_Rider,LONG,25024.60,25165.20,3000,421800.00,140051.24,281748.76,1.0,TP,WIN
2023-10-09 09:36,2023-10-09 09:37,NIFTY,CE,S8_EMA_Ribbon_Trend_Rider,LONG,25024.50,25165.20,3000,422100.00,140051.11,282048.89,1.0,TP,WIN
2023-10-09 09:37,2023-10-09 09:38,NIFTY,CE,S8_EMA_Ribbon_Trend_Rider,LONG,25024.45,25165.25,3000,422400.00,140051.26,282348.74,1.0,TP,WIN
2023-10-09 09:38,2023-10-09 09:39,NIFTY,CE,S8_EMA_Ribbon_Trend_Rider,LONG,25024.40,25164.80,3000,421200.00,140049.28,281150.72,1.0,TP,WIN
2023-10-09 09:39,2023-10-09 09:40,NIFTY,CE,S8_EMA_Ribbon_Trend_Rider,LONG,25024.85,25164.95,3000,420300.00,140050.52,280249.48,1.0,TP,WIN
2023-10-09 09:40,2023-10-09 09:41,NIFTY,CE,S8_EMA_Ribbon_Trend_Rider,LONG,25024.70,25164.85,3000,420450.00,140049.89,280400.11,1.0,TP,WIN
2023-10-11 09:16,2023-10-11 09:17,NIFTY,CE,S8_EMA_Ribbon_Trend_Rider,LONG,25009.40,25152.55,3075,440186.25,143475.64,296710.61,1.0,TP,WIN
2023-10-11 09:17,2023-10-11 09:18,NIFTY,CE,S8_EMA_Ribbon_Trend_Rider,LONG,25009.35,25152.45,3075,440032.50,143475.13,296557.37,1.0,TP,WIN
2023-10-11 09:18,2023-10-11 09:19,NIFTY,CE,S8_EMA_Ribbon_Trend_Rider,LONG,25009.40,25152.45,3075,439878.75,143475.20,296403.55,1.0,TP,WIN
2023-10-11 09:19,2023-10-11 09:20,NIFTY,CE,S8_EMA_Ribbon_Trend_Rider,LONG,25009.45,25152.55,3075,440032.50,143475.70,296556.80,1.0,TP,WIN
2023-10-11 09:20,2023-10-11 09:21,NIFTY,CE,S8_EMA_Ribbon_Trend_Rider,LONG,25009.35,25152.45,3075,440032.50,143475.13,296557.37,1.0,TP,WIN
2023-10-11 09:21,2023-10-11 09:22,NIFTY,CE,S8_EMA_Ribbon_Trend_Rider,LONG,25009.45,25152.30,3075,439263.75,143474.62,295789.13,1.0,TP,WIN
2023-10-11 09:22,2023-10-11 09:23,NIFTY,CE,S8_EMA_Ribbon_Trend_Rider,LONG,25009.60,25152.30,3075,438802.50,143474.82,295327.68,1.0,TP,WIN
2023-10-11 09:23,2023-10-11 09:24,NIFTY,CE,S8_EMA_Ribbon_Trend_Rider,LONG,25009.60,25152.45,3075,439263.75,143475.47,295788.28,1.0,TP,WIN
2023-10-11 09:24,2023-10-11 09:25,NIFTY,CE,S8_EMA_Ribbon_Trend_Rider,LONG,25009.45,25152.25,3075,439110.00,143474.40,295635.60,1.0,TP,WIN
2023-10-11 09:25,2023-10-11 09:26,NIFTY,CE,S8_EMA_Ribbon_Trend_Rider,LONG,25009.65,25152.30,3075,438648.75,143474.89,295173.86,1.0,TP,WIN
2023-10-11 09:26,2023-10-11 09:27,NIFTY,CE,S8_EMA_Ribbon_Trend_Rider,LONG,25009.60,25151.95,3075,437726.25,143473.30,294252.95,1.0,TP,WIN
2023-10-11 09:27,2023-10-11 09:28,NIFTY,CE,S8_EMA_Ribbon_Trend_Rider,LONG,25009.95,25151.80,3075,436188.75,143473.13,292715.62,1.0,TP,WIN
2023-10-11 09:28,2023-10-11 09:29,NIFTY,CE,S8_EMA_Ribbon_Trend_Rider,LONG,25010.10,25151.70,3075,435420.00,143472.90,291947.10,1.0,TP,WIN
2023-10-11 09:29,2023-10-11 09:30,NIFTY,CE,S8_EMA_Ribbon_Trend_Rider,LONG,25010.20,25151.80,3075,435420.00,143473.47,291946.53,1.0,TP,WIN
2023-10-11 09:32,2023-10-11 09:47,NIFTY,FUTURE,S10_Tick_Scalp_Bid_Ask_Compression,LONG,29798.50,29909.40,2550,282795.00,20706.68,262088.32,15.0,TP,WIN
2023-10-12 11:30,2023-10-12 11:31,NIFTY,CE,S8_EMA_Ribbon_Trend_Rider,LONG,25189.35,25329.75,3000,421200.00,140968.19,280231.81,1.0,TP,WIN
2023-10-13 13:00,2023-10-13 13:26,NIFTY,FUTURE,S13_EMA_Ribbon_Scalp_Fast,SHORT,32243.40,32090.90,2325,354562.50,20349.84,334212.66,26.0,TP,WIN
2023-10-16 09:33,2023-10-16 09:47,NIFTY,FUTURE,S10_Tick_Scalp_Bid_Ask_Compression,SHORT,29531.50,29422.55,2550,277822.50,20445.72,257376.78,14.0,TP,WIN
2023-10-17 12:30,2023-10-17 12:31,BANKNIFTY,CE,S2_VWAP_Reversion_BankNifty,LONG,53318.70,53618.80,1440,432144.00,143232.19,288911.81,1.0,TP,WIN
2023-10-17 12:31,2023-10-17 12:32,BANKNIFTY,CE,S2_VWAP_Reversion_BankNifty,LONG,53318.45,53619.05,1440,432864.00,143232.54,289631.46,1.0,TP,WIN
2023-10-17 12:32,2023-10-17 12:33,BANKNIFTY,CE,S2_VWAP_Reversion_BankNifty,LONG,53318.25,53618.65,1440,432576.00,143231.60,289344.40,1.0,TP,WIN
2023-10-17 12:33,2023-10-17 12:34,BANKNIFTY,CE,S2_VWAP_Reversion_BankNifty,LONG,53318.60,53618.40,1440,431712.00,143231.32,288480.68,1.0,TP,WIN
2023-10-17 12:34,2023-10-17 12:35,BANKNIFTY,CE,S2_VWAP_Reversion_BankNifty,LONG,53318.90,53618.30,1440,431136.00,143231.30,287904.70,1.0,TP,WIN
2023-10-18 09:23,2023-10-18 09:30,NIFTY,CE,S27_Gap_Up_Down_Fade_Options,LONG,29664.95,29505.05,2550,-407745.00,139940.55,-547685.55,7.0,SL,LOSS
2023-10-19 10:16,2023-10-19 10:17,NIFTY,STRANGLE,S18_VWAP_Mean_Reversion_Options_Straddle,LONG,28225.55,28497.65,1800,489780.00,95083.37,394696.63,1.0,SL,WIN
2023-10-19 10:17,2023-10-19 10:18,NIFTY,STRANGLE,S18_VWAP_Mean_Reversion_Options_Straddle,LONG,28233.05,28505.70,1800,490770.00,95109.84,395660.16,1.0,SL,WIN
2023-10-19 10:18,2023-10-19 10:19,NIFTY,STRANGLE,S18_VWAP_Mean_Reversion_Options_Straddle,LONG,28231.95,28504.65,1800,490860.00,95106.29,395753.71,1.0,SL,WIN
2023-10-19 10:22,2023-10-19 10:23,NIFTY,STRANGLE,S18_VWAP_Mean_Reversion_Options_Straddle,LONG,28198.00,28470.25,1800,490050.00,94991.66,395058.34,1.0,SL,WIN
2023-10-19 10:27,2023-10-19 10:28,NIFTY,STRANGLE,S18_VWAP_Mean_Reversion_Options_Straddle,LONG,28172.15,28444.05,1800,489420.00,94904.37,394515.63,1.0,SL,WIN
2023-10-19 10:29,2023-10-19 10:30,NIFTY,STRANGLE,S18_VWAP_Mean_Reversion_Options_Straddle,LONG,28203.05,28475.45,1800,490320.00,95008.93,395311.07,1.0,SL,WIN
2023-10-19 10:33,2023-10-19 10:34,NIFTY,STRANGLE,S18_VWAP_Mean_Reversion_Options_Straddle,LONG,28170.05,28441.45,1800,488520.00,94896.08,393623.92,1.0,SL,WIN
2023-10-19 10:34,2023-10-19 10:35,NIFTY,STRANGLE,S18_VWAP_Mean_Reversion_Options_Straddle,LONG,28123.90,28394.40,1800,486900.00,94739.53,392160.47,1.0,SL,WIN
2023-10-19 10:35,2023-10-19 10:36,NIFTY,STRANGLE,S18_VWAP_Mean_Reversion_Options_Straddle,LONG,28135.95,28407.00,1800,487890.00,94781.21,393108.79,1.0,SL,WIN
2023-10-19 10:39,2023-10-19 10:40,NIFTY,STRANGLE,S18_VWAP_Mean_Reversion_Options_Straddle,LONG,28151.00,28422.35,1800,488430.00,94832.28,393597.72,1.0,SL,WIN
2023-10-19 10:42,2023-10-19 11:11,NIFTY,FUTURE,S10_Tick_Scalp_Bid_Ask_Compression,SHORT,28114.65,28179.35,2700,-174690.00,20632.38,-195322.38,29.0,SL,LOSS
2023-10-20 09:16,2023-10-20 09:17,NIFTY,CE,S8_EMA_Ribbon_Trend_Rider,LONG,25158.25,25299.10,3000,422550.00,140796.85,281753.15,1.0,TP,WIN
2023-10-20 09:17,2023-10-20 09:18,NIFTY,CE,S8_EMA_Ribbon_Trend_Rider,LONG,25158.35,25299.10,3000,422250.00,140796.98,281453.02,1.0,TP,WIN
2023-10-20 09:18,2023-10-20 09:19,NIFTY,CE,S8_EMA_Ribbon_Trend_Rider,LONG,25158.35,25299.20,3000,422550.00,140797.40,281752.60,1.0,TP,WIN
2023-10-20 09:19,2023-10-20 09:20,NIFTY,CE,S8_EMA_Ribbon_Trend_Rider,LONG,25158.25,25299.30,3000,423150.00,140797.69,282352.31,1.0,TP,WIN
2023-10-20 09:20,2023-10-20 09:21,NIFTY,CE,S8_EMA_Ribbon_Trend_Rider,LONG,25158.15,25299.40,3000,423750.00,140797.99,282952.01,1.0,TP,WIN
2023-10-20 09:21,2023-10-20 09:22,NIFTY,CE,S8_EMA_Ribbon_Trend_Rider,LONG,25158.05,25299.50,3000,424350.00,140798.28,283551.72,1.0,TP,WIN
2023-10-20 09:22,2023-10-20 09:23,NIFTY,CE,S8_EMA_Ribbon_Trend_Rider,LONG,25157.95,25299.30,3000,424050.00,140797.30,283252.70,1.0,TP,WIN
2023-10-20 09:23,2023-10-20 09:24,NIFTY,CE,S8_EMA_Ribbon_Trend_Rider,LONG,25158.15,25299.25,3000,423300.00,140797.35,282502.65,1.0,TP,WIN
2023-10-20 09:24,2023-10-20 09:25,NIFTY,CE,S8_EMA_Ribbon_Trend_Rider,LONG,25158.20,25298.80,3000,421800.00,140795.51,281004.49,1.0,TP,WIN
2023-10-20 09:25,2023-10-20 09:26,NIFTY,CE,S8_EMA_Ribbon_Trend_Rider,LONG,25158.65,25298.70,3000,420150.00,140795.68,279354.32,1.0,TP,WIN
2023-10-20 09:26,2023-10-20 09:27,NIFTY,CE,S8_EMA_Ribbon_Trend_Rider,LONG,25158.75,25298.85,3000,420300.00,140796.45,279503.55,1.0,TP,WIN
2023-10-23 09:26,2023-10-23 09:35,BANKNIFTY,CE,S27_Gap_Up_Down_Fade_Options,LONG,57595.30,57284.95,1320,-409662.00,140643.80,-550305.80,9.0,SL,LOSS
2023-10-24 15:15,2023-10-24 15:16,BANKNIFTY,CE,S8_EMA_Ribbon_Trend_Rider,LONG,53118.60,53418.85,1440,432360.00,142697.43,289662.57,1.0,TP,WIN
2023-10-24 15:16,2023-10-24 15:17,BANKNIFTY,CE,S8_EMA_Ribbon_Trend_Rider,LONG,53118.60,53419.10,1440,432720.00,142697.94,290022.06,1.0,TP,WIN
2023-10-24 15:17,2023-10-24 15:18,BANKNIFTY,CE,S8_EMA_Ribbon_Trend_Rider,LONG,53118.35,53419.30,1440,433368.00,142698.19,290669.81,1.0,TP,WIN
2023-10-24 15:18,2023-10-24 15:19,BANKNIFTY,CE,S8_EMA_Ribbon_Trend_Rider,LONG,53118.10,53419.55,1440,434088.00,142698.54,291389.46,1.0,TP,WIN
2023-10-24 15:19,2023-10-24 15:20,BANKNIFTY,CE,S8_EMA_Ribbon_Trend_Rider,LONG,53117.90,53419.45,1440,434232.00,142698.21,291533.79,1.0,TP,WIN
2023-10-24 15:20,2023-10-24 15:21,BANKNIFTY,CE,S8_EMA_Ribbon_Trend_Rider,LONG,53117.95,53419.65,1440,434448.00,142698.64,291749.36,1.0,TP,WIN
2023-10-24 15:21,2023-10-24 15:22,BANKNIFTY,CE,S8_EMA_Ribbon_Trend_Rider,LONG,53117.75,53419.60,1440,434664.00,142698.41,291965.59,1.0,TP,WIN
2023-10-24 15:22,2023-10-24 15:23,BANKNIFTY,CE,S8_EMA_Ribbon_Trend_Rider,LONG,53117.80,53419.70,1440,434736.00,142698.65,292037.35,1.0,TP,WIN
2023-10-24 15:23,2023-10-24 15:24,BANKNIFTY,CE,S8_EMA_Ribbon_Trend_Rider,LONG,53117.75,53419.50,1440,434520.00,142698.21,291821.79,1.0,TP,WIN
2023-10-24 15:24,2023-10-24 15:25,BANKNIFTY,CE,S8_EMA_Ribbon_Trend_Rider,LONG,53117.95,53419.30,1440,433944.00,142697.93,291246.07,1.0,TP,WIN
2023-10-24 15:25,2023-10-24 15:26,BANKNIFTY,CE,S8_EMA_Ribbon_Trend_Rider,LONG,53118.10,53419.50,1440,434016.00,142698.43,291317.57,1.0,TP,WIN
2023-10-24 15:26,2023-10-24 15:27,BANKNIFTY,CE,S8_EMA_Ribbon_Trend_Rider,LONG,53117.95,53419.20,1440,433800.00,142697.73,291102.27,1.0,TP,WIN
2023-10-24 15:27,2023-10-24 15:28,BANKNIFTY,CE,S8_EMA_Ribbon_Trend_Rider,LONG,53118.25,53418.75,1440,432720.00,142697.00,290023.00,1.0,TP,WIN
2023-10-24 15:28,2023-10-24 15:29,BANKNIFTY,CE,S8_EMA_Ribbon_Trend_Rider,LONG,53118.70,53418.95,1440,432360.00,142697.70,289662.30,1.0,TP,WIN
2023-10-24 15:29,2023-10-24 15:30,BANKNIFTY,CE,S8_EMA_Ribbon_Trend_Rider,LONG,53118.45,56794.75,1440,5293872.00,149568.64,5144303.36,1.0,TIME,WIN
2023-10-25 09:30,2023-10-25 09:31,NIFTY,CE,S8_EMA_Ribbon_Trend_Rider,LONG,25247.70,25390.85,3000,429450.00,141304.91,288145.09,1.0,TP,WIN
2023-10-25 09:31,2023-10-25 09:32,NIFTY,CE,S8_EMA_Ribbon_Trend_Rider,LONG,25247.60,25390.90,3000,429900.00,141304.99,288595.01,1.0,TP,WIN
2023-10-26 12:35,2023-10-26 12:36,BANKNIFTY,STRANGLE,S18_VWAP_Mean_Reversion_Options_Straddle,LONG,53436.35,53951.50,930,479089.50,93006.71,386082.79,1.0,SL,WIN
2023-10-26 12:36,2023-10-26 12:37,BANKNIFTY,STRANGLE,S18_VWAP_Mean_Reversion_Options_Straddle,LONG,53408.65,53923.90,960,494640.00,95956.16,398683.84,1.0,SL,WIN
2023-10-26 12:37,2023-10-26 12:38,BANKNIFTY,STRANGLE,S18_VWAP_Mean_Reversion_Options_Straddle,LONG,53405.05,53920.75,960,495072.00,95950.35,399121.65,1.0,SL,WIN
2023-10-26 12:38,2023-10-26 12:39,BANKNIFTY,STRANGLE,S18_VWAP_Mean_Reversion_Options_Straddle,LONG,53422.85,53939.05,960,495552.00,95982.76,399569.24,1.0,SL,WIN
2023-10-26 12:39,2023-10-26 12:40,BANKNIFTY,STRANGLE,S18_VWAP_Mean_Reversion_Options_Straddle,LONG,53448.05,53964.10,930,479926.50,93028.10,386898.40,1.0,SL,WIN
2023-10-26 12:43,2023-10-26 12:44,BANKNIFTY,STRANGLE,S18_VWAP_Mean_Reversion_Options_Straddle,LONG,53619.05,54136.10,930,480856.50,93324.72,387531.78,1.0,SL,WIN
2023-10-26 12:44,2023-10-26 12:45,BANKNIFTY,STRANGLE,S18_VWAP_Mean_Reversion_Options_Straddle,LONG,53682.60,54200.40,930,481554.00,93435.45,388118.55,1.0,SL,WIN
2023-10-26 12:48,2023-10-26 12:49,BANKNIFTY,STRANGLE,S18_VWAP_Mean_Reversion_Options_Straddle,LONG,53745.75,54264.85,930,482763.00,93546.22,389216.78,1.0,SL,WIN
2023-10-26 12:49,2023-10-26 12:50,BANKNIFTY,STRANGLE,S18_VWAP_Mean_Reversion_Options_Straddle,LONG,53750.95,54270.40,930,483088.50,93555.66,389532.84,1.0,SL,WIN
2023-10-26 12:51,2023-10-26 12:52,BANKNIFTY,STRANGLE,S18_VWAP_Mean_Reversion_Options_Straddle,LONG,53783.70,54304.05,930,483925.50,93613.40,390312.10,1.0,SL,WIN
2023-10-26 12:53,2023-10-26 12:54,BANKNIFTY,STRANGLE,S18_VWAP_Mean_Reversion_Options_Straddle,LONG,53871.50,54392.50,930,484530.00,93765.88,390764.12,1.0,SL,WIN
2023-10-26 12:55,2023-10-26 12:56,BANKNIFTY,STRANGLE,S18_VWAP_Mean_Reversion_Options_Straddle,LONG,53885.15,54405.35,930,483786.00,93788.40,389997.60,1.0,SL,WIN
2023-10-26 12:57,2023-10-26 12:58,BANKNIFTY,STRANGLE,S18_VWAP_Mean_Reversion_Options_Straddle,LONG,54041.40,54561.80,930,483972.00,94058.50,389913.50,1.0,SL,WIN
2023-10-26 13:00,2023-10-26 13:01,BANKNIFTY,STRANGLE,S18_VWAP_Mean_Reversion_Options_Straddle,LONG,54139.65,54661.60,930,485413.50,94230.22,391183.28,1.0,SL,WIN
2023-10-26 13:05,2023-10-26 13:06,BANKNIFTY,STRANGLE,S18_VWAP_Mean_Reversion_Options_Straddle,LONG,54387.90,54911.40,930,486855.00,94660.97,392194.03,1.0,SL,WIN
2023-10-26 13:07,2023-10-26 13:08,BANKNIFTY,STRANGLE,S18_VWAP_Mean_Reversion_Options_Straddle,LONG,54469.60,54994.15,930,487831.50,94803.44,393028.06,1.0,SL,WIN
2023-10-26 13:09,2023-10-26 13:10,BANKNIFTY,STRANGLE,S18_VWAP_Mean_Reversion_Options_Straddle,LONG,54554.90,55079.30,930,487692.00,94950.56,392741.44,1.0,SL,WIN
2023-10-26 13:10,2023-10-26 13:11,BANKNIFTY,STRANGLE,S18_VWAP_Mean_Reversion_Options_Straddle,LONG,54576.55,55102.05,930,488715.00,94989.39,393725.61,1.0,SL,WIN
2023-10-26 13:12,2023-10-26 13:13,BANKNIFTY,STRANGLE,S18_VWAP_Mean_Reversion_Options_Straddle,LONG,54716.10,55241.80,930,488901.00,95230.65,393670.35,1.0,SL,WIN
2023-10-26 13:14,2023-10-26 13:15,BANKNIFTY,STRANGLE,S18_VWAP_Mean_Reversion_Options_Straddle,LONG,54772.70,55299.55,930,489970.50,95329.91,394640.59,1.0,SL,WIN
2023-10-26 14:30,2023-10-26 14:49,NIFTY,FUTURE,S13_EMA_Ribbon_Scalp_Fast,LONG,29446.55,29585.25,2550,353685.00,20479.04,333205.96,19.0,TP,WIN
2023-10-26 15:00,2023-10-26 15:01,BANKNIFTY,PE,S8_EMA_Ribbon_Trend_Rider,SHORT,52893.05,53065.15,1440,-247824.00,141593.08,-389417.08,1.0,SL,LOSS
2023-10-26 15:01,2023-10-26 15:02,BANKNIFTY,PE,S8_EMA_Ribbon_Trend_Rider,SHORT,52893.25,53065.05,1440,-247392.00,141593.43,-388985.43,1.0,SL,LOSS
2023-10-26 15:02,2023-10-26 15:03,BANKNIFTY,PE,S8_EMA_Ribbon_Trend_Rider,SHORT,52893.40,53064.80,1440,-246816.00,141593.57,-388409.57,1.0,SL,LOSS
2023-10-27 09:30,2023-10-27 09:34,NIFTY,FUTURE,S13_EMA_Ribbon_Scalp_Fast,LONG,29475.25,29392.55,2550,-210885.00,20374.37,-231259.37,4.0,SL,LOSS
2023-10-27 09:36,2023-10-27 09:51,NIFTY,FUTURE,S10_Tick_Scalp_Bid_Ask_Compression,SHORT,29355.80,29246.80,2550,277950.00,20324.27,257625.73,15.0,TP,WIN
2023-10-30 12:15,2023-10-30 12:16,NIFTY,CE,S8_EMA_Ribbon_Trend_Rider,LONG,25288.90,25431.85,3000,428850.00,141533.58,287316.42,1.0,TP,WIN
2023-10-30 12:16,2023-10-30 12:17,NIFTY,CE,S8_EMA_Ribbon_Trend_Rider,LONG,25288.90,25432.05,3000,429450.00,141534.43,287915.57,1.0,TP,WIN
2023-11-06 09:16,2023-11-06 09:17,NIFTY,CE,S8_EMA_Ribbon_Trend_Rider,LONG,25157.90,25299.25,3000,424050.00,140797.02,283252.98,1.0,TP,WIN
2023-11-06 09:17,2023-11-06 09:18,NIFTY,CE,S8_EMA_Ribbon_Trend_Rider,LONG,25157.85,25299.35,3000,424500.00,140797.37,283702.63,1.0,TP,WIN
2023-11-06 09:18,2023-11-06 09:19,NIFTY,CE,S8_EMA_Ribbon_Trend_Rider,LONG,25157.80,25299.45,3000,424950.00,140797.73,284152.27,1.0,TP,WIN
2023-11-06 09:19,2023-11-06 09:20,NIFTY,CE,S8_EMA_Ribbon_Trend_Rider,LONG,25157.70,25299.50,3000,425400.00,140797.81,284602.19,1.0,TP,WIN
2023-11-06 09:20,2023-11-06 09:21,NIFTY,CE,S8_EMA_Ribbon_Trend_Rider,LONG,25157.65,25299.55,3000,425700.00,140797.96,284902.04,1.0,TP,WIN
2023-11-06 09:21,2023-11-06 09:22,NIFTY,CE,S8_EMA_Ribbon_Trend_Rider,LONG,25157.60,25299.60,3000,426000.00,140798.10,285201.90,1.0,TP,WIN
2023-11-06 09:22,2023-11-06 09:23,NIFTY,CE,S8_EMA_Ribbon_Trend_Rider,LONG,25157.55,25299.70,3000,426450.00,140798.46,285651.54,1.0,TP,WIN
2023-11-06 09:23,2023-11-06 09:24,NIFTY,CE,S8_EMA_Ribbon_Trend_Rider,LONG,25157.45,25299.75,3000,426900.00,140798.54,286101.46,1.0,TP,WIN
2023-11-06 09:24,2023-11-06 09:25,NIFTY,CE,S8_EMA_Ribbon_Trend_Rider,LONG,25157.40,25299.70,3000,426900.00,140798.26,286101.74,1.0,TP,WIN
2023-11-06 09:25,2023-11-06 09:26,NIFTY,CE,S8_EMA_Ribbon_Trend_Rider,LONG,25157.40,25299.70,3000,426900.00,140798.26,286101.74,1.0,TP,WIN
2023-11-06 09:26,2023-11-06 09:27,NIFTY,CE,S8_EMA_Ribbon_Trend_Rider,LONG,25157.45,25299.60,3000,426450.00,140797.90,285652.10,1.0,TP,WIN
2023-11-06 09:27,2023-11-06 09:28,NIFTY,CE,S8_EMA_Ribbon_Trend_Rider,LONG,25157.55,25299.55,3000,426000.00,140797.82,285202.18,1.0,TP,WIN
2023-11-06 09:28,2023-11-06 09:29,NIFTY,CE,S8_EMA_Ribbon_Trend_Rider,LONG,25157.60,25299.45,3000,425550.00,140797.47,284752.53,1.0,TP,WIN
2023-11-07 11:16,2023-11-07 11:17,BANKNIFTY,PE,S2_VWAP_Reversion_BankNifty,SHORT,55804.10,55962.30,1350,-213570.00,140035.78,-353605.78,1.0,SL,LOSS
2023-11-08 09:16,2023-11-08 09:17,NIFTY,CE,S8_EMA_Ribbon_Trend_Rider,LONG,25240.70,25382.45,3000,425250.00,141259.98,283990.02,1.0,TP,WIN
2023-11-08 09:17,2023-11-08 09:18,NIFTY,CE,S8_EMA_Ribbon_Trend_Rider,LONG,25240.70,25382.45,3000,425250.00,141259.98,283990.02,1.0,TP,WIN
2023-11-08 09:18,2023-11-08 09:19,NIFTY,CE,S8_EMA_Ribbon_Trend_Rider,LONG,25240.75,25382.30,3000,424650.00,141259.41,283390.59,1.0,TP,WIN
2023-11-08 09:19,2023-11-08 09:20,NIFTY,CE,S8_EMA_Ribbon_Trend_Rider,LONG,25240.85,25382.40,3000,424650.00,141259.97,283390.03,1.0,TP,WIN
2023-11-08 09:20,2023-11-08 09:21,NIFTY,CE,S8_EMA_Ribbon_Trend_Rider,LONG,25240.75,25382.50,3000,425250.00,141260.26,283989.74,1.0,TP,WIN
2023-11-08 09:21,2023-11-08 09:30,BANKNIFTY,PE,S27_Gap_Up_Down_Fade_Options,SHORT,63760.60,64105.65,1200,-414060.00,142310.66,-556370.66,9.0,SL,LOSS
2023-11-09 09:31,2023-11-09 09:34,NIFTY,PE,S7_Gap_Fill_Opening,SHORT,29480.60,29565.50,2550,-216495.00,139739.96,-356234.96,3.0,SL,LOSS
2023-11-09 10:19,2023-11-09 10:20,BANKNIFTY,STRANGLE,S18_VWAP_Mean_Reversion_Options_Straddle,LONG,66463.30,67102.65,750,479512.50,93288.95,386223.55,1.0,SL,WIN
2023-11-09 10:23,2023-11-09 10:24,NIFTY,STRANGLE,S18_VWAP_Mean_Reversion_Options_Straddle,LONG,30800.85,31097.20,1650,488977.50,95110.85,393866.65,1.0,SL,WIN
2023-11-09 10:24,2023-11-09 10:25,NIFTY,STRANGLE,S18_VWAP_Mean_Reversion_Options_Straddle,LONG,30823.50,31119.35,1650,488152.50,95179.09,392973.41,1.0,SL,WIN
2023-11-09 10:25,2023-11-09 10:26,NIFTY,STRANGLE,S18_VWAP_Mean_Reversion_Options_Straddle,LONG,30788.70,31084.20,1650,487575.00,95071.64,392503.36,1.0,SL,WIN
2023-11-09 10:27,2023-11-09 10:28,BANKNIFTY,STRANGLE,S18_VWAP_Mean_Reversion_Options_Straddle,LONG,67073.25,67714.45,750,480900.00,94140.39,386759.61,1.0,SL,WIN
2023-11-10 10:02,2023-11-10 10:03,BANKNIFTY,STRANGLE,S18_VWAP_Mean_Reversion_Options_Straddle,LONG,66254.05,66889.65,750,476700.00,92993.55,383706.45,1.0,SL,WIN
2023-11-10 10:03,2023-11-10 10:04,BANKNIFTY,STRANGLE,S18_VWAP_Mean_Reversion_Options_Straddle,LONG,66339.30,66976.00,750,477525.00,93113.44,384411.56,1.0,SL,WIN
2023-11-10 10:04,2023-11-10 10:05,BANKNIFTY,STRANGLE,S18_VWAP_Mean_Reversion_Options_Straddle,LONG,66389.40,67026.85,750,478087.50,93184.01,384903.49,1.0,SL,WIN
2023-11-10 10:08,2023-11-10 10:09,BANKNIFTY,STRANGLE,S18_VWAP_Mean_Reversion_Options_Straddle,LONG,66850.10,67486.50,750,477300.00,93824.52,383475.48,1.0,SL,WIN
2023-11-10 10:10,2023-11-10 10:11,BANKNIFTY,STRANGLE,S18_VWAP_Mean_Reversion_Options_Straddle,LONG,66968.90,67608.30,750,479550.00,93993.15,385556.85,1.0,SL,WIN
2023-11-10 10:14,2023-11-10 10:15,BANKNIFTY,STRANGLE,S18_VWAP_Mean_Reversion_Options_Straddle,LONG,67112.85,67754.80,750,481462.50,94196.34,387266.16,1.0,SL,WIN
2023-11-10 10:15,2023-11-10 10:16,BANKNIFTY,STRANGLE,S18_VWAP_Mean_Reversion_Options_Straddle,LONG,67208.15,67851.20,750,482287.50,94330.23,387957.27,1.0,SL,WIN
2023-11-10 10:18,2023-11-10 10:19,BANKNIFTY,STRANGLE,S18_VWAP_Mean_Reversion_Options_Straddle,LONG,67373.65,68019.95,750,484725.00,94564.17,390160.83,1.0,SL,WIN
2023-11-10 10:19,2023-11-10 10:20,BANKNIFTY,STRANGLE,S18_VWAP_Mean_Reversion_Options_Straddle,LONG,67394.95,68041.60,750,484987.50,94594.20,390393.30,1.0,SL,WIN
2023-11-10 10:20,2023-11-10 10:21,BANKNIFTY,STRANGLE,S18_VWAP_Mean_Reversion_Options_Straddle,LONG,67470.25,68117.85,750,485700.00,94700.08,390999.92,1.0,SL,WIN
2023-11-10 10:22,2023-11-10 10:23,BANKNIFTY,STRANGLE,S18_VWAP_Mean_Reversion_Options_Straddle,LONG,67587.05,68236.65,750,487200.00,94864.87,392335.13,1.0,SL,WIN
2023-11-10 10:25,2023-11-10 10:26,BANKNIFTY,STRANGLE,S18_VWAP_Mean_Reversion_Options_Straddle,LONG,67752.35,68401.95,750,487200.00,95095.08,392104.92,1.0,SL,WIN
2023-11-10 10:29,2023-11-10 10:30,BANKNIFTY,STRANGLE,S18_VWAP_Mean_Reversion_Options_Straddle,LONG,67942.00,68594.55,750,489412.50,95362.34,394050.16,1.0,SL,WIN
2023-11-10 10:31,2023-11-10 10:32,BANKNIFTY,STRANGLE,S18_VWAP_Mean_Reversion_Options_Straddle,LONG,68029.40,68683.40,750,490500.00,95485.60,395014.40,1.0,SL,WIN
2023-11-10 10:33,2023-11-10 10:34,BANKNIFTY,STRANGLE,S18_VWAP_Mean_Reversion_Options_Straddle,LONG,68120.80,68776.55,750,491812.50,95614.75,396197.75,1.0,SL,WIN
2023-11-10 10:34,2023-11-10 10:35,BANKNIFTY,STRANGLE,S18_VWAP_Mean_Reversion_Options_Straddle,LONG,68124.55,68779.85,750,491475.00,95619.49,395855.51,1.0,SL,WIN
2023-11-10 10:35,2023-11-10 10:36,BANKNIFTY,STRANGLE,S18_VWAP_Mean_Reversion_Options_Straddle,LONG,68221.65,68877.70,750,492037.50,95755.52,396281.98,1.0,SL,WIN
2023-11-10 10:36,2023-11-10 10:37,BANKNIFTY,STRANGLE,S18_VWAP_Mean_Reversion_Options_Straddle,LONG,68217.45,68872.65,750,491400.00,95748.77,395651.23,1.0,SL,WIN
2023-11-10 10:37,2023-11-10 10:38,BANKNIFTY,STRANGLE,S18_VWAP_Mean_Reversion_Options_Straddle,LONG,68337.40,68992.70,750,491475.00,95915.93,395559.07,1.0,SL,WIN
2023-11-10 10:44,2023-11-10 10:45,BANKNIFTY,STRANGLE,S18_VWAP_Mean_Reversion_Options_Straddle,LONG,68680.70,69340.10,720,474768.00,92544.35,382223.65,1.0,SL,WIN
2023-11-10 10:45,2023-11-10 10:46,BANKNIFTY,STRANGLE,S18_VWAP_Mean_Reversion_Options_Straddle,LONG,68734.60,69393.95,720,474732.00,92616.36,382115.64,1.0,SL,WIN
2023-11-10 10:47,2023-11-10 10:48,BANKNIFTY,STRANGLE,S18_VWAP_Mean_Reversion_Options_Straddle,LONG,68787.15,69446.40,720,474660.00,92686.52,381973.48,1.0,SL,WIN
2023-11-10 10:48,2023-11-10 10:49,BANKNIFTY,STRANGLE,S18_VWAP_Mean_Reversion_Options_Straddle,LONG,68786.15,69444.75,720,474192.00,92684.52,381507.48,1.0,SL,WIN
2023-11-10 10:50,2023-11-10 10:51,BANKNIFTY,STRANGLE,S18_VWAP_Mean_Reversion_Options_Straddle,LONG,68921.45,69581.85,720,475488.00,92867.25,382620.75,1.0,SL,WIN
2023-11-10 10:51,2023-11-10 10:52,BANKNIFTY,STRANGLE,S18_VWAP_Mean_Reversion_Options_Straddle,LONG,68927.60,69588.80,720,476064.00,92876.28,383187.72,1.0,SL,WIN
2023-11-10 10:52,2023-11-10 10:53,BANKNIFTY,STRANGLE,S18_VWAP_Mean_Reversion_Options_Straddle,LONG,68942.15,69602.80,720,475668.00,92895.18,382772.82,1.0,SL,WIN
2023-11-10 10:54,2023-11-10 10:55,BANKNIFTY,STRANGLE,S18_VWAP_Mean_Reversion_Options_Straddle,LONG,69009.65,69669.70,720,475236.00,92984.81,382251.19,1.0,SL,WIN
2023-11-10 10:57,2023-11-10 10:58,BANKNIFTY,STRANGLE,S18_VWAP_Mean_Reversion_Options_Straddle,LONG,69248.10,69910.15,720,476676.00,93305.66,383370.34,1.0,SL,WIN
2023-11-10 10:58,2023-11-10 10:59,BANKNIFTY,STRANGLE,S18_VWAP_Mean_Reversion_Options_Straddle,LONG,69270.25,69933.30,720,477396.00,93336.29,384059.71,1.0,SL,WIN
2023-11-10 10:59,2023-11-10 11:00,BANKNIFTY,STRANGLE,S18_VWAP_Mean_Reversion_Options_Straddle,LONG,69344.50,70006.90,720,476928.00,93434.90,383493.10,1.0,SL,WIN
2023-11-10 11:00,2023-11-10 11:01,BANKNIFTY,STRANGLE,S18_VWAP_Mean_Reversion_Options_Straddle,LONG,69456.85,70120.00,720,477468.00,93585.87,383882.13,1.0,SL,WIN
2023-11-10 11:01,2023-11-10 11:02,BANKNIFTY,STRANGLE,S18_VWAP_Mean_Reversion_Options_Straddle,LONG,69448.50,70112.55,720,478116.00,93575.63,384540.37,1.0,SL,WIN
2023-11-10 11:02,2023-11-10 11:03,BANKNIFTY,STRANGLE,S18_VWAP_Mean_Reversion_Options_Straddle,LONG,69443.20,70107.90,720,478584.00,93569.20,385014.80,1.0,SL,WIN
2023-11-10 11:03,2023-11-10 11:04,BANKNIFTY,STRANGLE,S18_VWAP_Mean_Reversion_Options_Straddle,LONG,69426.65,70092.15,720,479160.00,93547.89,385612.11,1.0,SL,WIN
2023-11-10 11:06,2023-11-10 11:07,BANKNIFTY,STRANGLE,S18_VWAP_Mean_Reversion_Options_Straddle,LONG,69544.55,70212.25,720,480744.00,93707.76,387036.24,1.0,SL,WIN
2023-11-10 11:07,2023-11-10 11:08,BANKNIFTY,STRANGLE,S18_VWAP_Mean_Reversion_Options_Straddle,LONG,69565.90,70235.10,720,481824.00,93737.83,388086.17,1.0,SL,WIN
2023-11-10 11:08,2023-11-10 11:09,BANKNIFTY,STRANGLE,S18_VWAP_Mean_Reversion_Options_Straddle,LONG,69594.55,70264.85,720,482616.00,93777.26,388838.74,1.0,SL,WIN
2023-11-10 11:09,2023-11-10 11:10,BANKNIFTY,STRANGLE,S18_VWAP_Mean_Reversion_Options_Straddle,LONG,69621.30,70292.45,720,483228.00,93813.89,389414.11,1.0,SL,WIN
2023-11-10 11:10,2023-11-10 11:11,BANKNIFTY,STRANGLE,S18_VWAP_Mean_Reversion_Options_Straddle,LONG,69659.35,70330.65,720,483336.00,93864.91,389471.09,1.0,SL,WIN
2023-11-10 11:15,2023-11-10 11:16,BANKNIFTY,STRANGLE,S18_VWAP_Mean_Reversion_Options_Straddle,LONG,69772.05,70445.65,720,484992.00,94017.93,390974.07,1.0,SL,WIN
2023-11-10 11:17,2023-11-10 11:18,BANKNIFTY,STRANGLE,S18_VWAP_Mean_Reversion_Options_Straddle,LONG,69705.25,70378.40,720,484668.00,93928.16,390739.84,1.0,SL,WIN
2023-11-10 11:20,2023-11-10 11:21,BANKNIFTY,PE,S2_VWAP_Reversion_BankNifty,SHORT,56032.25,56192.40,1350,-216202.50,140608.89,-356811.39,1.0,SL,LOSS
2023-11-10 11:21,2023-11-10 11:22,BANKNIFTY,PE,S2_VWAP_Reversion_BankNifty,SHORT,56032.35,56192.10,1350,-215662.50,140608.90,-356271.40,1.0,SL,LOSS
2023-11-10 11:22,2023-11-10 11:23,BANKNIFTY,PE,S2_VWAP_Reversion_BankNifty,SHORT,56032.65,56192.90,1350,-216337.50,140609.96,-356947.46,1.0,SL,LOSS
2023-11-13 10:30,2023-11-13 10:31,NIFTY,CE,S17_Opening_Range_Breakout_Intraday,LONG,25401.75,26681.95,3000,3840600.00,146984.66,3693615.34,1.0,TP,WIN
2023-11-16 09:32,2023-11-16 09:57,NIFTY,FUTURE,S10_Tick_Scalp_Bid_Ask_Compression,SHORT,29744.60,29813.05,2550,-174547.50,20615.88,-195163.38,25.0,SL,LOSS
2023-11-17 09:31,2023-11-17 09:40,BANKNIFTY,FUTURE,S10_Tick_Scalp_Bid_Ask_Compression,SHORT,64523.75,64285.10,1170,279220.50,20496.47,258724.03,9.0,TP,WIN
2023-11-17 13:19,2023-11-17 13:20,BANKNIFTY,STRANGLE,S18_VWAP_Mean_Reversion_Options_Straddle,LONG,69803.45,70477.05,720,484992.00,94059.91,390932.09,1.0,SL,WIN
2023-11-20 09:21,2023-11-20 09:34,BANKNIFTY,CE,S27_Gap_Up_Down_Fade_Options,LONG,63747.75,63403.15,1200,-413520.00,141513.90,-555033.90,13.0,SL,LOSS
2023-11-20 09:44,2023-11-20 09:47,BANKNIFTY,FUTURE,S10_Tick_Scalp_Bid_Ask_Compression,LONG,63231.25,63082.55,1200,-178440.00,20575.51,-199015.51,3.0,SL,LOSS
2023-11-21 12:13,2023-11-21 12:14,BANKNIFTY,STRANGLE,S18_VWAP_Mean_Reversion_Options_Straddle,LONG,65520.45,66151.40,780,492141.00,95643.72,396497.28,1.0,SL,WIN
2023-11-21 12:14,2023-11-21 12:15,BANKNIFTY,STRANGLE,S18_VWAP_Mean_Reversion_Options_Straddle,LONG,65576.05,66208.00,780,492921.00,95725.35,397195.65,1.0,SL,WIN
2023-11-21 12:15,2023-11-21 12:16,BANKNIFTY,STRANGLE,S18_VWAP_Mean_Reversion_Options_Straddle,LONG,65627.60,66259.75,780,493077.00,95800.24,397276.76,1.0,SL,WIN
2023-11-21 12:17,2023-11-21 12:18,BANKNIFTY,STRANGLE,S18_VWAP_Mean_Reversion_Options_Straddle,LONG,65715.35,66348.95,780,494208.00,95928.93,398279.07,1.0,SL,WIN
2023-11-21 12:18,2023-11-21 12:19,BANKNIFTY,STRANGLE,S18_VWAP_Mean_Reversion_Options_Straddle,LONG,65754.75,66387.35,780,493428.00,95984.90,397443.10,1.0,SL,WIN
2023-11-21 12:20,2023-11-21 12:21,BANKNIFTY,STRANGLE,S18_VWAP_Mean_Reversion_Options_Straddle,LONG,65922.50,66557.05,750,475912.50,92530.68,383381.82,1.0,SL,WIN
2023-11-21 12:21,2023-11-21 12:22,BANKNIFTY,STRANGLE,S18_VWAP_Mean_Reversion_Options_Straddle,LONG,65948.00,66582.40,750,475800.00,92566.04,383233.96,1.0,SL,WIN
2023-11-21 12:22,2023-11-21 12:23,BANKNIFTY,STRANGLE,S18_VWAP_Mean_Reversion_Options_Straddle,LONG,66024.60,66659.35,750,476062.50,92673.09,383389.41,1.0,SL,WIN
2023-11-21 12:23,2023-11-21 12:24,BANKNIFTY,STRANGLE,S18_VWAP_Mean_Reversion_Options_Straddle,LONG,66111.65,66745.45,750,475350.00,92793.32,382556.68,1.0,SL,WIN
2023-11-21 12:27,2023-11-21 12:28,BANKNIFTY,STRANGLE,S18_VWAP_Mean_Reversion_Options_Straddle,LONG,66456.15,67091.20,750,476287.50,93274.43,383013.07,1.0,SL,WIN
2023-11-21 12:29,2023-11-21 12:30,BANKNIFTY,STRANGLE,S18_VWAP_Mean_Reversion_Options_Straddle,LONG,66592.25,67229.65,750,478050.00,93466.47,384583.53,1.0,SL,WIN
2023-11-21 13:46,2023-11-21 14:05,BANKNIFTY,FUTURE,S13_EMA_Ribbon_Scalp_Fast,SHORT,67940.90,67620.80,1110,355311.00,20471.37,334839.63,19.0,TP,WIN
2023-11-22 09:26,2023-11-22 09:33,BANKNIFTY,CE,S27_Gap_Up_Down_Fade_Options,LONG,63212.80,62873.40,1200,-407280.00,140330.68,-547610.68,7.0,SL,LOSS
2023-11-23 10:00,2023-11-23 10:01,BANKNIFTY,STRANGLE,S18_VWAP_Mean_Reversion_Options_Straddle,LONG,61437.70,62025.85,810,476401.50,93130.54,383270.96,1.0,SL,WIN
2023-11-23 10:01,2023-11-23 10:08,BANKNIFTY,FUTURE,S13_EMA_Ribbon_Scalp_Fast,SHORT,61392.60,61107.20,1230,351042.00,20498.29,330543.71,7.0,TP,WIN
2023-11-24 09:16,2023-11-24 09:17,BANKNIFTY,PE,S8_EMA_Ribbon_Trend_Rider,SHORT,52604.25,52781.85,1440,-255744.00,140824.35,-396568.35,1.0,SL,LOSS
2023-11-24 09:17,2023-11-24 09:18,BANKNIFTY,PE,S8_EMA_Ribbon_Trend_Rider,SHORT,52604.35,52781.65,1440,-255312.00,140824.42,-396136.42,1.0,SL,LOSS
2023-11-24 09:18,2023-11-24 09:19,BANKNIFTY,PE,S8_EMA_Ribbon_Trend_Rider,SHORT,52604.55,52782.10,1440,-255672.00,140825.12,-396497.12,1.0,SL,LOSS
2023-11-24 09:19,2023-11-24 09:20,BANKNIFTY,PE,S8_EMA_Ribbon_Trend_Rider,SHORT,52604.10,52781.90,1440,-256032.00,140824.07,-396856.07,1.0,SL,LOSS
2023-11-27 09:44,2023-11-27 09:50,BANKNIFTY,FUTURE,S13_EMA_Ribbon_Scalp_Fast,SHORT,62907.05,62615.30,1200,350100.00,20491.71,329608.29,6.0,TP,WIN
2023-11-29 13:35,2023-11-29 13:36,BANKNIFTY,CE,S2_VWAP_Reversion_BankNifty,LONG,54747.45,55387.35,1380,883062.00,141590.25,741471.75,1.0,TP,WIN
2023-11-29 13:36,2023-11-29 13:37,BANKNIFTY,CE,S2_VWAP_Reversion_BankNifty,LONG,54748.05,55387.70,1380,882717.00,141591.30,741125.70,1.0,TP,WIN
2023-11-29 13:37,2023-11-29 13:38,BANKNIFTY,CE,S2_VWAP_Reversion_BankNifty,LONG,54747.70,55388.05,1380,883683.00,141591.77,742091.23,1.0,TP,WIN
2023-11-29 13:38,2023-11-29 13:39,BANKNIFTY,CE,S2_VWAP_Reversion_BankNifty,LONG,54747.35,55388.05,1380,884166.00,141591.56,742574.44,1.0,TP,WIN
2023-11-29 13:39,2023-11-29 13:40,BANKNIFTY,CE,S2_VWAP_Reversion_BankNifty,LONG,54747.35,55388.35,1380,884580.00,141592.14,742987.86,1.0,TP,WIN
2023-11-29 13:45,2023-11-29 13:46,BANKNIFTY,CE,S2_VWAP_Reversion_BankNifty,LONG,54785.95,55367.60,1380,802677.00,141575.29,661101.71,1.0,TP,WIN
2023-11-29 13:46,2023-11-29 13:47,BANKNIFTY,CE,S2_VWAP_Reversion_BankNifty,LONG,54785.70,55366.65,1380,801711.00,141573.28,660137.72,1.0,TP,WIN
2023-11-29 13:47,2023-11-29 13:48,BANKNIFTY,CE,S2_VWAP_Reversion_BankNifty,LONG,54786.65,55366.65,1380,800400.00,141573.87,658826.13,1.0,TP,WIN
2023-11-29 13:48,2023-11-29 13:49,BANKNIFTY,CE,S2_VWAP_Reversion_BankNifty,LONG,54786.60,55366.85,1380,800745.00,141574.23,659170.77,1.0,TP,WIN
2023-11-29 13:49,2023-11-29 13:50,BANKNIFTY,CE,S2_VWAP_Reversion_BankNifty,LONG,54786.40,55367.15,1380,801435.00,141574.69,659860.31,1.0,TP,WIN
2023-11-29 14:00,2023-11-29 14:01,BANKNIFTY,CE,S2_VWAP_Reversion_BankNifty,LONG,54923.15,55338.15,1380,572700.00,141601.81,431098.19,1.0,TP,WIN
2023-11-29 14:01,2023-11-29 14:02,BANKNIFTY,CE,S2_VWAP_Reversion_BankNifty,LONG,54922.85,55338.40,1380,573459.00,141602.11,431856.89,1.0,TP,WIN
2023-11-29 14:02,2023-11-29 14:03,BANKNIFTY,CE,S2_VWAP_Reversion_BankNifty,LONG,54922.55,55337.80,1380,573045.00,141600.76,431444.24,1.0,TP,WIN
2023-11-29 14:03,2023-11-29 14:04,BANKNIFTY,CE,S2_VWAP_Reversion_BankNifty,LONG,54923.20,55338.10,1380,572562.00,141601.74,430960.26,1.0,TP,WIN
2023-11-29 14:04,2023-11-29 14:05,BANKNIFTY,CE,S2_VWAP_Reversion_BankNifty,LONG,54922.85,55338.10,1380,573045.00,141601.53,431443.47,1.0,TP,WIN
2023-11-29 14:15,2023-11-29 14:16,BANKNIFTY,CE,S2_VWAP_Reversion_BankNifty,LONG,55059.40,55318.85,1380,358041.00,141647.55,216393.45,1.0,TP,WIN
2023-11-29 14:16,2023-11-29 14:17,BANKNIFTY,CE,S2_VWAP_Reversion_BankNifty,LONG,55059.10,55319.10,1380,358800.00,141647.85,217152.15,1.0,TP,WIN
2023-11-29 14:17,2023-11-29 14:18,BANKNIFTY,CE,S2_VWAP_Reversion_BankNifty,LONG,55058.85,55319.15,1380,359214.00,141647.80,217566.20,1.0,TP,WIN
2023-11-29 14:18,2023-11-29 14:19,BANKNIFTY,CE,S2_VWAP_Reversion_BankNifty,LONG,55058.80,55319.35,1380,359559.00,141648.16,217910.84,1.0,TP,WIN
2023-11-29 14:19,2023-11-29 14:20,BANKNIFTY,CE,S2_VWAP_Reversion_BankNifty,LONG,55058.60,55319.20,1380,359628.00,141647.74,217980.26,1.0,TP,WIN
2023-11-30 13:35,2023-11-30 13:36,BANKNIFTY,PE,S2_VWAP_Reversion_BankNifty,SHORT,56621.90,56781.45,1350,-215392.50,142086.71,-357479.21,1.0,SL,LOSS
2023-11-30 13:36,2023-11-30 13:37,BANKNIFTY,PE,S2_VWAP_Reversion_BankNifty,SHORT,56621.55,56781.65,1350,-216135.00,142086.16,-358221.16,1.0,SL,LOSS
2023-11-30 13:37,2023-11-30 13:38,BANKNIFTY,PE,S2_VWAP_Reversion_BankNifty,SHORT,56621.40,56781.45,1350,-216067.50,142085.76,-358153.26,1.0,SL,LOSS
2023-11-30 13:38,2023-11-30 13:39,BANKNIFTY,PE,S2_VWAP_Reversion_BankNifty,SHORT,56621.55,56781.30,1350,-215662.50,142085.95,-357748.45,1.0,SL,LOSS
2023-11-30 13:39,2023-11-30 13:40,BANKNIFTY,PE,S2_VWAP_Reversion_BankNifty,SHORT,56621.75,56781.15,1350,-215190.00,142086.25,-357276.25,1.0,SL,LOSS
2023-12-01 09:33,2023-12-01 09:35,BANKNIFTY,FUTURE,S10_Tick_Scalp_Bid_Ask_Compression,SHORT,59980.05,60121.55,1260,-178290.00,20541.83,-198831.83,2.0,SL,LOSS
2023-12-01 09:38,2023-12-01 09:43,BANKNIFTY,FUTURE,S10_Tick_Scalp_Bid_Ask_Compression,LONG,60140.05,60001.25,1260,-174888.00,20548.90,-195436.90,5.0,SL,LOSS
2023-12-01 10:00,2023-12-01 10:01,BANKNIFTY,STRANGLE,S18_VWAP_Mean_Reversion_Options_Straddle,LONG,59485.05,60058.00,840,481278.00,93514.21,387763.79,1.0,SL,WIN
2023-12-01 10:03,2023-12-01 10:04,BANKNIFTY,STRANGLE,S18_VWAP_Mean_Reversion_Options_Straddle,LONG,59369.00,59941.25,840,480690.00,93332.36,387357.64,1.0,SL,WIN
2023-12-01 10:05,2023-12-01 10:06,BANKNIFTY,STRANGLE,S18_VWAP_Mean_Reversion_Options_Straddle,LONG,59345.15,59918.00,840,481194.00,93295.88,387898.12,1.0,SL,WIN
2023-12-01 10:10,2023-12-01 10:11,BANKNIFTY,STRANGLE,S18_VWAP_Mean_Reversion_Options_Straddle,LONG,59159.05,59728.40,840,478254.00,93001.43,385252.57,1.0,SL,WIN
2023-12-01 10:12,2023-12-01 10:13,BANKNIFTY,STRANGLE,S18_VWAP_Mean_Reversion_Options_Straddle,LONG,59130.90,59701.20,840,479052.00,92958.65,386093.35,1.0,SL,WIN
2023-12-01 10:13,2023-12-01 10:14,BANKNIFTY,STRANGLE,S18_VWAP_Mean_Reversion_Options_Straddle,LONG,59085.60,59656.00,840,479136.00,92888.11,386247.89,1.0,SL,WIN
2023-12-01 10:16,2023-12-01 10:17,BANKNIFTY,STRANGLE,S18_VWAP_Mean_Reversion_Options_Straddle,LONG,58963.05,59532.85,840,478632.00,92696.24,385935.76,1.0,SL,WIN
2023-12-01 10:17,2023-12-01 10:18,BANKNIFTY,STRANGLE,S18_VWAP_Mean_Reversion_Options_Straddle,LONG,58927.35,59495.95,870,494682.00,95945.99,398736.01,1.0,SL,WIN
2023-12-01 10:19,2023-12-01 10:20,BANKNIFTY,STRANGLE,S18_VWAP_Mean_Reversion_Options_Straddle,LONG,58812.35,59379.95,870,493812.00,95758.97,398053.03,1.0,SL,WIN
2023-12-01 10:20,2023-12-01 10:21,BANKNIFTY,STRANGLE,S18_VWAP_Mean_Reversion_Options_Straddle,LONG,58825.30,59392.25,870,493246.50,95779.09,397467.41,1.0,SL,WIN
2023-12-01 10:21,2023-12-01 10:22,BANKNIFTY,STRANGLE,S18_VWAP_Mean_Reversion_Options_Straddle,LONG,58745.30,59310.45,870,491680.50,95647.63,396032.87,1.0,SL,WIN
2023-12-01 10:22,2023-12-01 10:23,BANKNIFTY,STRANGLE,S18_VWAP_Mean_Reversion_Options_Straddle,LONG,58680.00,59245.05,870,491593.50,95542.02,396051.48,1.0,SL,WIN
2023-12-01 10:25,2023-12-01 10:26,BANKNIFTY,STRANGLE,S18_VWAP_Mean_Reversion_Options_Straddle,LONG,58569.90,59134.40,870,491115.00,95363.47,395751.53,1.0,SL,WIN
2023-12-01 10:26,2023-12-01 10:27,BANKNIFTY,STRANGLE,S18_VWAP_Mean_Reversion_Options_Straddle,LONG,58550.80,59115.10,870,490941.00,95332.37,395608.63,1.0,SL,WIN
2023-12-01 10:29,2023-12-01 10:30,BANKNIFTY,STRANGLE,S18_VWAP_Mean_Reversion_Options_Straddle,LONG,58425.55,58988.20,870,489505.50,95127.99,394377.51,1.0,SL,WIN
2023-12-01 10:30,2023-12-01 10:31,BANKNIFTY,STRANGLE,S18_VWAP_Mean_Reversion_Options_Straddle,LONG,58397.35,58959.55,870,489114.00,95081.88,394032.12,1.0,SL,WIN
2023-12-01 10:31,2023-12-01 10:32,BANKNIFTY,STRANGLE,S18_VWAP_Mean_Reversion_Options_Straddle,LONG,58316.15,58877.30,870,488200.50,94949.41,393251.09,1.0,SL,WIN
2023-12-01 10:32,2023-12-01 10:33,BANKNIFTY,STRANGLE,S18_VWAP_Mean_Reversion_Options_Straddle,LONG,58277.00,58837.50,870,487635.00,94885.36,392749.64,1.0,SL,WIN
2023-12-01 10:33,2023-12-01 10:34,BANKNIFTY,STRANGLE,S18_VWAP_Mean_Reversion_Options_Straddle,LONG,58196.55,58756.05,870,486765.00,94754.16,392010.84,1.0,SL,WIN
2023-12-01 10:34,2023-12-01 10:35,BANKNIFTY,STRANGLE,S18_VWAP_Mean_Reversion_Options_Straddle,LONG,58150.85,58709.85,870,486330.00,94679.71,391650.29,1.0,SL,WIN
2023-12-01 10:35,2023-12-01 10:36,BANKNIFTY,STRANGLE,S18_VWAP_Mean_Reversion_Options_Straddle,LONG,58141.10,58698.90,870,485286.00,94662.49,390623.51,1.0,SL,WIN
2023-12-01 10:39,2023-12-01 10:40,BANKNIFTY,STRANGLE,S18_VWAP_Mean_Reversion_Options_Straddle,LONG,57986.00,58542.65,870,484285.50,94410.50,389875.00,1.0,SL,WIN
2023-12-01 10:40,2023-12-01 10:41,BANKNIFTY,STRANGLE,S18_VWAP_Mean_Reversion_Options_Straddle,LONG,57956.55,58512.80,870,483937.50,94362.43,389575.07,1.0,SL,WIN
2023-12-01 10:41,2023-12-01 10:42,BANKNIFTY,STRANGLE,S18_VWAP_Mean_Reversion_Options_Straddle,LONG,57945.70,58502.45,870,484372.50,94345.52,390026.98,1.0,SL,WIN
2023-12-01 10:46,2023-12-01 10:47,BANKNIFTY,STRANGLE,S18_VWAP_Mean_Reversion_Options_Straddle,LONG,57636.20,58188.10,870,480153.00,93839.54,386313.46,1.0,SL,WIN
2023-12-01 10:47,2023-12-01 10:48,BANKNIFTY,STRANGLE,S18_VWAP_Mean_Reversion_Options_Straddle,LONG,57557.20,58108.05,870,479239.50,93710.62,385528.88,1.0,SL,WIN
2023-12-01 10:48,2023-12-01 10:49,BANKNIFTY,STRANGLE,S18_VWAP_Mean_Reversion_Options_Straddle,LONG,57512.60,58063.75,870,479500.50,93638.94,385861.56,1.0,SL,WIN
2023-12-01 10:50,2023-12-01 10:51,BANKNIFTY,CE,S2_VWAP_Reversion_BankNifty,LONG,55125.10,55541.65,1380,574839.00,142122.35,432716.65,1.0,TP,WIN
2023-12-04 12:05,2023-12-04 12:06,BANKNIFTY,PE,S8_EMA_Ribbon_Trend_Rider,SHORT,52299.05,52474.60,1470,-258058.50,142922.76,-400981.26,1.0,SL,LOSS
2023-12-06 09:56,2023-12-06 10:11,NIFTY,FUTURE,S10_Tick_Scalp_Bid_Ask_Compression,LONG,29402.60,29510.35,2550,274762.50,20431.26,254331.24,15.0,TP,WIN
2023-12-07 09:24,2023-12-07 09:28,NIFTY,PE,S27_Gap_Up_Down_Fade_Options,SHORT,29085.10,29241.90,2625,-411600.00,142004.41,-553604.41,4.0,SL,LOSS
2023-12-07 09:30,2023-12-07 09:36,NIFTY,FUTURE,S13_EMA_Ribbon_Scalp_Fast,LONG,29261.95,29397.65,2625,356212.50,20946.89,335265.61,6.0,TP,WIN
2023-12-08 09:27,2023-12-08 09:31,NIFTY,PE,S27_Gap_Up_Down_Fade_Options,SHORT,29713.45,29872.75,2550,-406215.00,140926.69,-547141.69,4.0,SL,LOSS
2023-12-08 10:33,2023-12-08 10:34,NIFTY,STRANGLE,S18_VWAP_Mean_Reversion_Options_Straddle,LONG,30813.35,31110.50,1650,490297.50,95151.02,395146.48,1.0,SL,WIN
2023-12-08 10:35,2023-12-08 10:36,NIFTY,PE,S2_VWAP_Reversion_BankNifty,SHORT,28496.05,28576.20,2625,-210393.75,139043.87,-349437.62,1.0,SL,LOSS
2023-12-08 10:36,2023-12-08 10:37,NIFTY,PE,S2_VWAP_Reversion_BankNifty,SHORT,28496.30,28576.10,2625,-209475.00,139044.68,-348519.68,1.0,SL,LOSS
2023-12-14 12:37,2023-12-14 12:38,NIFTY,STRANGLE,S18_VWAP_Mean_Reversion_Options_Straddle,LONG,33687.45,34012.60,1500,487725.00,94570.15,393154.85,1.0,SL,WIN
2023-12-14 12:42,2023-12-14 12:43,NIFTY,STRANGLE,S18_VWAP_Mean_Reversion_Options_Straddle,LONG,33627.00,33951.50,1500,486750.00,94400.39,392349.61,1.0,SL,WIN
2023-12-14 12:44,2023-12-14 12:45,NIFTY,STRANGLE,S18_VWAP_Mean_Reversion_Options_Straddle,LONG,33588.05,33912.45,1500,486600.00,94291.69,392308.31,1.0,SL,WIN
2023-12-15 10:35,2023-12-15 10:36,NIFTY,CE,S2_VWAP_Reversion_BankNifty,LONG,27881.30,28031.30,2700,405000.00,140409.49,264590.51,1.0,TP,WIN
2023-12-19 12:47,2023-12-19 12:48,BANKNIFTY,STRANGLE,S18_VWAP_Mean_Reversion_Options_Straddle,LONG,71698.90,72389.15,690,476272.50,92587.58,383684.92,1.0,SL,WIN
2023-12-19 12:50,2023-12-19 12:51,BANKNIFTY,CE,S2_VWAP_Reversion_BankNifty,LONG,55213.95,55620.40,1380,560901.00,142330.33,418570.67,1.0,TP,WIN
2023-12-20 10:00,2023-12-20 10:03,BANKNIFTY,FUTURE,S10_Tick_Scalp_Bid_Ask_Compression,LONG,65479.40,65328.90,1170,-176085.00,20774.82,-196859.82,3.0,SL,LOSS
2023-12-21 11:00,2023-12-21 11:01,BANKNIFTY,CE,S2_VWAP_Reversion_BankNifty,LONG,54997.55,55440.30,1380,610995.00,141846.60,469148.40,1.0,TP,WIN
2023-12-27 10:00,2023-12-27 10:01,BANKNIFTY,STRANGLE,S18_VWAP_Mean_Reversion_Options_Straddle,LONG,59768.75,60340.15,840,479976.00,93954.90,386021.10,1.0,SL,WIN
2023-12-27 10:02,2023-12-27 10:03,BANKNIFTY,STRANGLE,S18_VWAP_Mean_Reversion_Options_Straddle,LONG,59719.75,60291.20,840,480018.00,93878.53,386139.47,1.0,SL,WIN
2023-12-27 10:03,2023-12-27 10:04,BANKNIFTY,STRANGLE,S18_VWAP_Mean_Reversion_Options_Straddle,LONG,59676.55,60248.45,840,480396.00,93811.68,386584.32,1.0,SL,WIN
2023-12-27 10:12,2023-12-27 10:13,BANKNIFTY,STRANGLE,S18_VWAP_Mean_Reversion_Options_Straddle,LONG,59439.85,60010.65,840,479472.00,93441.16,386030.84,1.0,SL,WIN
2023-12-27 10:50,2023-12-27 10:51,BANKNIFTY,CE,S2_VWAP_Reversion_BankNifty,LONG,54788.45,55147.35,1380,495282.00,141147.20,354134.80,1.0,TP,WIN
2023-12-28 10:21,2023-12-28 10:29,BANKNIFTY,FUTURE,S13_EMA_Ribbon_Scalp_Fast,SHORT,58387.05,58115.30,1290,350557.50,20445.83,330111.67,8.0,TP,WIN
2023-12-29 10:21,2023-12-29 10:22,BANKNIFTY,STRANGLE,S18_VWAP_Mean_Reversion_Options_Straddle,LONG,57986.00,58541.25,870,483067.50,94408.78,388658.72,1.0,SL,WIN
2023-12-29 10:23,2023-12-29 10:24,BANKNIFTY,STRANGLE,S18_VWAP_Mean_Reversion_Options_Straddle,LONG,57888.00,58442.60,870,482502.00,94249.66,388252.34,1.0,SL,WIN
2023-12-29 10:24,2023-12-29 10:25,BANKNIFTY,STRANGLE,S18_VWAP_Mean_Reversion_Options_Straddle,LONG,57863.85,58418.75,870,482763.00,94211.01,388551.99,1.0,SL,WIN
2023-12-29 10:26,2023-12-29 10:27,BANKNIFTY,STRANGLE,S18_VWAP_Mean_Reversion_Options_Straddle,LONG,57808.50,58363.80,870,483111.00,94122.08,388988.92,1.0,SL,WIN
2023-12-29 10:28,2023-12-29 10:29,BANKNIFTY,STRANGLE,S18_VWAP_Mean_Reversion_Options_Straddle,LONG,57786.60,58341.60,870,482850.00,94086.33,388763.67,1.0,SL,WIN
2023-12-29 10:29,2023-12-29 10:30,BANKNIFTY,STRANGLE,S18_VWAP_Mean_Reversion_Options_Straddle,LONG,57752.35,58306.65,870,482241.00,94030.14,388210.86,1.0,SL,WIN
2023-12-29 10:31,2023-12-29 10:32,BANKNIFTY,STRANGLE,S18_VWAP_Mean_Reversion_Options_Straddle,LONG,57732.15,58286.55,870,482328.00,93997.63,388330.37,1.0,SL,WIN
2023-12-29 10:34,2023-12-29 10:35,BANKNIFTY,STRANGLE,S18_VWAP_Mean_Reversion_Options_Straddle,LONG,57529.00,58081.00,870,480240.00,93666.48,386573.52,1.0,SL,WIN
2023-12-29 10:35,2023-12-29 10:36,BANKNIFTY,STRANGLE,S18_VWAP_Mean_Reversion_Options_Straddle,LONG,57505.25,58057.85,870,480762.00,93628.85,387133.15,1.0,SL,WIN
2023-12-29 10:36,2023-12-29 10:37,BANKNIFTY,STRANGLE,S18_VWAP_Mean_Reversion_Options_Straddle,LONG,57470.65,58023.50,870,480979.50,93573.26,387406.24,1.0,SL,WIN
2023-12-29 10:37,2023-12-29 10:38,BANKNIFTY,STRANGLE,S18_VWAP_Mean_Reversion_Options_Straddle,LONG,57437.25,57989.95,870,480849.00,93519.11,387329.89,1.0,SL,WIN
2023-12-29 10:38,2023-12-29 10:39,BANKNIFTY,STRANGLE,S18_VWAP_Mean_Reversion_Options_Straddle,LONG,57426.10,57978.70,870,480762.00,93500.98,387261.02,1.0,SL,WIN
2023-12-29 10:39,2023-12-29 10:40,BANKNIFTY,STRANGLE,S18_VWAP_Mean_Reversion_Options_Straddle,LONG,57358.45,57908.70,870,478717.50,93388.80,385328.70,1.0,SL,WIN
2023-12-29 10:40,2023-12-29 10:41,BANKNIFTY,STRANGLE,S18_VWAP_Mean_Reversion_Options_Straddle,LONG,57425.05,57976.05,870,479370.00,93497.31,385872.69,1.0,SL,WIN
2023-12-29 10:41,2023-12-29 10:42,BANKNIFTY,STRANGLE,S18_VWAP_Mean_Reversion_Options_Straddle,LONG,57395.55,57947.10,870,479848.50,93450.33,386398.17,1.0,SL,WIN
2023-12-29 10:44,2023-12-29 10:45,BANKNIFTY,STRANGLE,S18_VWAP_Mean_Reversion_Options_Straddle,LONG,57301.25,57851.85,870,479022.00,93296.82,385725.18,1.0,SL,WIN
2023-12-29 10:46,2023-12-29 10:47,BANKNIFTY,STRANGLE,S18_VWAP_Mean_Reversion_Options_Straddle,LONG,57345.00,57895.00,870,478500.00,93366.76,385133.24,1.0,SL,WIN
2023-12-29 10:47,2023-12-29 10:48,BANKNIFTY,STRANGLE,S18_VWAP_Mean_Reversion_Options_Straddle,LONG,57285.20,57834.30,870,477717.00,93269.04,384447.96,1.0,SL,WIN
2023-12-29 10:49,2023-12-29 10:50,BANKNIFTY,STRANGLE,S18_VWAP_Mean_Reversion_Options_Straddle,LONG,57247.50,57794.70,870,476064.00,93205.80,382858.20,1.0,SL,WIN
2023-12-29 10:50,2023-12-29 10:51,BANKNIFTY,STRANGLE,S18_VWAP_Mean_Reversion_Options_Straddle,LONG,57262.10,57810.45,870,477064.50,93230.80,383833.70,1.0,SL,WIN
2023-12-29 10:51,2023-12-29 10:52,BANKNIFTY,STRANGLE,S18_VWAP_Mean_Reversion_Options_Straddle,LONG,57273.10,57821.95,870,477499.50,93249.19,384250.31,1.0,SL,WIN
2023-12-29 10:54,2023-12-29 10:55,BANKNIFTY,STRANGLE,S18_VWAP_Mean_Reversion_Options_Straddle,LONG,57230.85,57781.10,870,478717.50,93182.65,385534.85,1.0,SL,WIN
2023-12-29 10:56,2023-12-29 10:57,BANKNIFTY,STRANGLE,S18_VWAP_Mean_Reversion_Options_Straddle,LONG,57216.40,57767.05,870,479065.50,93159.80,385905.70,1.0,SL,WIN
2023-12-29 10:57,2023-12-29 10:58,BANKNIFTY,STRANGLE,S18_VWAP_Mean_Reversion_Options_Straddle,LONG,57169.90,57719.35,870,478021.50,93083.20,384938.30,1.0,SL,WIN
2023-12-29 10:59,2023-12-29 11:00,BANKNIFTY,STRANGLE,S18_VWAP_Mean_Reversion_Options_Straddle,LONG,57222.05,57772.55,870,478935.00,93168.75,385766.25,1.0,SL,WIN
2023-12-29 11:00,2023-12-29 11:01,BANKNIFTY,STRANGLE,S18_VWAP_Mean_Reversion_Options_Straddle,LONG,57199.60,57750.50,870,479283.00,93132.97,386150.03,1.0,SL,WIN
2023-12-29 11:01,2023-12-29 11:02,BANKNIFTY,STRANGLE,S18_VWAP_Mean_Reversion_Options_Straddle,LONG,57162.85,57713.55,870,479109.00,93073.35,386035.65,1.0,SL,WIN
2023-12-29 11:02,2023-12-29 11:03,BANKNIFTY,STRANGLE,S18_VWAP_Mean_Reversion_Options_Straddle,LONG,57178.90,57729.55,870,479065.50,93099.22,385966.28,1.0,SL,WIN
2023-12-29 11:04,2023-12-29 11:05,BANKNIFTY,STRANGLE,S18_VWAP_Mean_Reversion_Options_Straddle,LONG,57090.10,57640.35,870,478717.50,92955.27,385762.23,1.0,SL,WIN
2023-12-29 11:11,2023-12-29 11:12,BANKNIFTY,STRANGLE,S18_VWAP_Mean_Reversion_Options_Straddle,LONG,56981.50,57532.15,900,495585.00,95978.00,399607.00,1.0,SL,WIN
2023-12-29 11:12,2023-12-29 11:13,BANKNIFTY,STRANGLE,S18_VWAP_Mean_Reversion_Options_Straddle,LONG,56962.70,57513.65,900,495855.00,95946.97,399908.03,1.0,SL,WIN
2023-12-29 11:13,2023-12-29 11:14,BANKNIFTY,STRANGLE,S18_VWAP_Mean_Reversion_Options_Straddle,LONG,56939.75,57490.45,900,495630.00,95908.29,399721.71,1.0,SL,WIN
2023-12-29 11:14,2023-12-29 11:15,BANKNIFTY,STRANGLE,S18_VWAP_Mean_Reversion_Options_Straddle,LONG,56954.45,57504.85,900,495360.00,95932.48,399427.52,1.0,SL,WIN
2023-12-29 11:16,2023-12-29 11:17,BANKNIFTY,STRANGLE,S18_VWAP_Mean_Reversion_Options_Straddle,LONG,56961.75,57511.75,900,495000.00,95944.17,399055.83,1.0,SL,WIN
2023-12-29 11:17,2023-12-29 11:18,BANKNIFTY,STRANGLE,S18_VWAP_Mean_Reversion_Options_Straddle,LONG,56960.55,57510.90,900,495315.00,95942.61,399372.39,1.0,SL,WIN
2023-12-29 11:19,2023-12-29 11:20,BANKNIFTY,STRANGLE,S18_VWAP_Mean_Reversion_Options_Straddle,LONG,56974.60,57525.35,900,495675.00,95966.60,399708.40,1.0,SL,WIN
2023-12-29 11:20,2023-12-29 11:21,BANKNIFTY,STRANGLE,S18_VWAP_Mean_Reversion_Options_Straddle,LONG,57018.45,57569.70,870,479587.50,92840.74,386746.76,1.0,SL,WIN
2023-12-29 11:22,2023-12-29 11:23,BANKNIFTY,STRANGLE,S18_VWAP_Mean_Reversion_Options_Straddle,LONG,56993.00,57545.30,870,480501.00,92800.92,387700.08,1.0,SL,WIN
2023-12-29 11:27,2023-12-29 11:28,BANKNIFTY,STRANGLE,S18_VWAP_Mean_Reversion_Options_Straddle,LONG,56975.00,57528.15,900,497835.00,95970.32,401864.68,1.0,SL,WIN
2023-12-29 11:33,2023-12-29 11:34,BANKNIFTY,STRANGLE,S18_VWAP_Mean_Reversion_Options_Straddle,LONG,57031.20,57583.60,870,480588.00,92862.76,387725.24,1.0,SL,WIN
2023-12-29 11:34,2023-12-29 11:35,BANKNIFTY,STRANGLE,S18_VWAP_Mean_Reversion_Options_Straddle,LONG,57009.00,57561.90,870,481023.00,92827.51,388195.49,1.0,SL,WIN
2023-12-29 11:35,2023-12-29 11:40,BANKNIFTY,FUTURE,S10_Tick_Scalp_Bid_Ask_Compression,SHORT,56996.80,57126.00,1320,-170544.00,20449.53,-190993.53,5.0,SL,LOSS
2024-01-01 09:38,2024-01-01 09:42,NIFTY,FUTURE,S13_EMA_Ribbon_Scalp_Fast,SHORT,30626.40,30483.20,2475,354420.00,20576.03,333843.97,4.0,TP,WIN
2024-01-01 09:43,2024-01-01 09:47,BANKNIFTY,FUTURE,S13_EMA_Ribbon_Scalp_Fast,SHORT,60382.40,60099.45,1260,356517.00,20652.23,335864.77,4.0,TP,WIN
